,Sequence,Dark,Peak1,Peak1_area,Peak2,Peak2_area,Peak3,Peak3_area
1,GGATCTGTCA,0,633.1,0.51,,,,
2,AAATGACGTC,0,556,1.63,,,,
3,ACCCAGTTTA,1,546.5,0.25,,,,
4,GGGGTAATGT,0,509.9,0.58,,,,
5,TTAACCAGAA,0,,,,,,
6,TACCAATGGG,0,663.4,1.2,,,,
7,GTTAACAAGA,1,,,,,,
8,TTGGGCCTGG,1,,,,,,
9,GCATCGGTCC,0,555.3,0.57,,,,
10,CCATGGTGAC,0,646.8,0.52,,,,
11,AAAGCAAGAG,0,,,,,,
12,GCGAGTTCTG,0,554.4,0.53,,,,
13,GGACGCGTAT,0,620.1,1.69,,,,
14,GTCCTCTATG,1,,,,,,
15,CCTCTATGCA,0,639.5,0.4,524,0.24,,
16,TGACTAAGAG,0,,,,,,
17,GCGACAGTTG,0,,,,,,
18,TTGCTTGGCT,1,,,,,,
19,GAAGTTCATG,0,634.5,0.43,555.7,0.31,,
20,AAAGAGCAAG,0,,,,,,
21,TGGGCAGACT,0,645.7,0.51,,,,
22,ATTCAGCTTC,1,,,,,,
23,TTTCCAAACT,0,,,,,,
24,GAAAGGTGCG,0,589.9,36.21,,,,
25,AGCTTCGGAA,0,560,1.16,643.9,0.23,,
26,GACGGCGGTA,0,641.5,0.59,,,,
27,ATACCATGCT,0,578.2,0.6,,,,
28,CATGAGGTAA,0,,,,,,
29,ATAATCCCTG,0,525.4,20.56,553.6,5.39,,
30,GCGGTATCTG,0,628.4,0.79,,,,
31,CACTCTCAGC,1,,,,,,
32,CTCCTTGGCG,0,658.9,1.57,733.1,0.81,,
33,TATCCCACTC,0,534,0.9,,,,
34,CAAGACTTAT,0,620.2,0.77,,,,
35,GTGGTCCCAT,0,630.2,0.33,,,,
36,ACTGTTTGCA,1,543.6,0.25,,,,
37,GCAATACACA,0,,,,,,
38,GCCGCTACAA,0,598.8,5.34,536.3,3.24,,
39,ACGACATCAG,0,540.8,0.58,639,0.27,,
40,TGAAGAAGTG,0,593.5,0.88,,,,
41,GTCCAGTGTG,1,,,,,,
42,ACAATGAAGG,0,680.3,0.51,,,,
43,GCATGGAAAT,0,567.6,0.47,,,,
44,TGCGGCGGTT,0,641.8,0.75,,,,
45,TTCGGAAGCA,0,523.4,0.47,,,,
46,TACTTTGAGG,1,,,,,,
47,CGGGGGGGTC,0,667,0.98,,,,
48,GCCACCTCGA,0,633.3,2.98,559.2,0.79,694.2,0.48
49,GCCAGTCCCG,0,702.3,10.13,652.3,3.14,529.2,0.7
50,GCATGTGAGA,1,,,,,,
51,TGCCTTTATA,1,,,,,,
52,TATTTCGGCG,0,709.5,0.26,,,,
53,TGATTCAAGT,1,638.6,0.21,,,,
54,GGGGGTTAAA,0,677.8,3.22,831.3,0.84,,
55,TGCCGCGTCA,0,628.7,0.28,,,,
56,GAAGTGTAAT,1,,,,,,
57,ATAAGCTTAG,1,,,,,,
58,GCCTCGAGAT,0,622.9,2.18,,,,
59,CCATTTTCGG,1,,,,,,
60,CTATGCATGA,0,567.8,0.56,,,,
61,ACAACTAAGT,0,787.5,0.3,522,0.25,,
62,AGCACTGACT,0,492,4.89,,,,
63,GCTCGCCGGG,0,627.5,2.69,667.3,1.04,,
64,GGGAAACGTT,1,,,,,,
65,ATTAAGGCCG,0,642.7,0.66,,,,
66,TTGACTAAGC,1,,,,,,
67,TTGATGCACG,1,,,,,,
68,TACGTAAGGT,1,,,,,,
69,GGTCCGACAT,0,621,0.53,620.8,0.29,,
70,GTAGCGATGC,0,544.2,4.57,627.8,0.96,,
71,ACCGCGACCG,0,627.6,3.3,697.4,0.27,,
72,GGGTCATATC,0,,,,,,
73,CTCCCTTACG,0,627.2,0.41,513.6,0.36,,
74,GGTGCCTTCG,0,636.9,0.44,716.7,0.22,,
75,GTCAAAGTGC,0,718.4,0.37,668.7,0.34,,
76,TCGATACAAT,1,,,,,,
77,GAAACCTAAA,0,537.3,0.64,,,,
78,CGAATAAGGG,0,620.4,0.5,801.8,0.24,,
79,CGGTTAATTT,1,,,,,,
80,TTTTCCGTTC,1,,,,,,
81,TCGACACCGA,0,542.7,9.5,,,,
82,AGTCACCACT,0,,,,,,
83,AGTAACACGC,0,514.6,0.57,,,,
84,GATGTGAACA,0,610.4,0.24,,,,
85,TCCTGACTTC,1,,,,,,
86,CTCTACATAA,0,539.2,0.83,,,,
87,GGTTTAGCCT,1,,,,,,
88,TCCGGCGTCT,0,652.6,0.68,552.8,0.25,,
89,CTCATAGACC,0,650.1,4.47,761.7,0.31,,
90,CTCTCATCTC,0,,,,,,
91,GCTCAGAATG,0,562.2,1.21,638.7,0.35,,
92,CATGCACCAG,0,585.1,0.57,,,,
93,CTTTTGCTAC,1,,,,,,
94,TGAGATAATG,1,,,,,,
95,TAAGCGAATC,0,582.8,0.53,,,,
96,AAGGGAATAA,0,,,,,,
97,GGTACATACT,0,,,,,,
98,ACACACTTCA,1,,,,,,
99,CTAGGTCCTA,0,531.5,1.03,,,,
100,ATCCCACGAG,0,652.1,1.07,547.6,0.84,,
101,GTTGCCCATT,0,580.5,0.8,,,,
102,TCCAATTTGT,1,539.3,0.34,,,,
103,ATTACACCAG,0,,,,,,
104,GCATTTGGGT,1,,,,,,
105,ACTGTTCGGA,1,,,,,,
106,AACGCACATT,0,705.9,0.4,615.5,0.2,,
107,ACTTCGCTGG,1,,,,,,
108,GTGACCTACG,0,530.3,0.42,,,,
109,CGAAGCGCGG,0,695,2.17,635.3,0.99,,
110,GTACGTTGGG,0,647.4,0.37,,,,
111,CAGGTCCTGG,0,,,,,,
112,GACGGGCGTG,0,610.1,0.81,673.3,0.42,,
113,ACTCGTAGCC,0,703.5,0.27,,,,
114,GTTAATGTCT,1,,,,,,
115,TAGATCGGGA,0,650.9,1.15,,,,
116,TTTCGTCTCC,0,618.9,0.51,,,,
117,GGGACTCTCA,0,694.9,2.52,,,,
118,CGCCGAGGCT,0,630.1,2.55,,,,
119,TCCGCTCAGT,1,,,,,,
120,ATAGCTCACC,0,703.4,1.11,644.3,0.62,563.1,0.51
121,AACATCTGTA,1,,,,,,
122,CCGCGCAAAT,0,569.3,8.07,,,,
123,CTAGGAAAGT,0,,,,,,
124,GCGGGAGCGG,0,631.4,1.15,,,,
125,CTGACTAAGT,0,,,,,,
126,GTATCCTCGC,0,730.7,1.59,,,,
127,TGCGAAGTAT,1,,,,,,
128,CAATCCGTGA,0,542,0.81,,,,
129,TGACAAGGTA,0,639.6,0.25,,,,
130,AATAGACTGG,1,,,,,,
131,GGGCGAACAT,0,678.4,2.26,,,,
132,CCGCAGCTGG,0,638.2,7.8,552.2,0.5,,
133,TAAGGTGAAA,1,,,,,,
134,AAGATGTTCT,1,,,,,,
135,TGTGAAGGAC,1,534.1,0.28,,,,
136,GACCCTAAAG,0,633.5,0.6,550.4,0.34,,
137,ACCGCAAATA,0,631,0.6,,,,
138,TCGCCGGCGC,0,665.4,1.35,562.7,0.29,,
139,CCAAGCCCAG,0,621.8,13.33,,,,
140,GCGCCAGTCC,0,631.8,1.15,,,,
141,GCCTAGAAGG,0,556.9,0.47,,,,
142,AAGCACTCAC,1,,,,,,
143,ACGGGCGAGG,0,552.8,0.35,675.9,0.33,,
144,GTCGCGGGAA,0,647.8,0.6,,,,
145,GGTATTGACC,1,,,,,,
146,AGTGCCGATC,0,664.2,0.38,,,,
147,TAGTGTTTCT,0,692.3,0.57,,,,
148,GAGACCTTGT,1,,,,,,
149,GAATATTTCC,1,,,,,,
150,TGGTCTTGAG,1,,,,,,
151,GAGCGCACGG,0,607.9,0.38,,,,
152,AACCATTCGC,0,555.3,0.86,666.2,0.24,,
153,TGCATACTCC,0,576.2,0.44,632.6,0.22,,
154,TAGCCACCAA,0,637.7,0.67,528.5,0.31,,
155,TAATTCGCAA,0,544.5,1.51,,,,
156,TTGGCTCCCG,0,713.1,0.8,638.1,0.76,,
157,GAGCGTTATC,0,,,,,,
158,GTCCCTGCGA,0,642.4,0.58,,,,
159,CGGGCACTGG,0,647.6,1.88,,,,
160,GGTATAGGTC,0,685.3,0.64,,,,
161,CAGCAGTTAG,1,,,,,,
162,GGCCCGGACA,0,670.6,2.41,552.4,1.8,,
163,CCCATGCCCG,0,619.8,1.6,538.3,0.3,,
164,CCCAGGACTT,0,681.5,21.47,,,,
165,TTAACAAGCC,0,545.5,0.82,,,,
166,TAATAGGATT,1,,,,,,
167,AGCGACATAT,0,641.4,0.37,538.3,0.24,,
168,TGTTTATGTC,1,,,,,,
169,GACACTGCAG,1,,,,,,
170,ACCTTGGCGT,0,630.4,0.22,,,,
171,CCGAGCTCGT,0,611.6,4.65,683.1,0.74,,
172,GTACGGGTAA,0,542.5,0.69,,,,
173,TCTCCGACCA,0,,,,,,
174,AACCTTTCTA,0,582.3,0.39,,,,
175,TCTCTACTCG,0,633.4,4.74,,,,
176,ACGTATTCGA,1,,,,,,
177,ACGGACTGCA,0,637.8,0.8,,,,
178,AATGGAGGGA,0,653,3.44,567.6,1.53,523,0.89
179,GTGTCCTGGA,1,,,,,,
180,TTGGGATCAA,1,545.9,0.31,,,,
181,TCTCACGTCT,1,,,,,,
182,GACTGCGACC,0,642.9,3.46,665.8,1.83,,
183,TGACTCACGC,0,623.5,2.65,545.7,1.84,,
184,CCAGGCAACT,0,648.7,2.16,,,,
185,CGAGCTAGCG,0,620.2,0.32,,,,
186,GGACTATCTC,0,638.6,1.87,,,,
187,CGCAGGCAAT,0,528.1,0.83,629.4,0.25,,
188,TGCTATCCGT,0,527.2,1.48,,,,
189,AAGGAATTCG,0,661.2,0.28,576.7,0.28,,
190,TATCTGAGGC,0,,,,,,
191,TCACAAGAAT,0,556.8,2.43,,,,
192,CGGCACTTAC,0,509.9,3.32,610.5,0.49,,
193,CAGATGGGTT,1,,,,,,
194,CGTTAAATAC,1,,,,,,
195,CGAGAAAGAG,0,507.1,2.47,,,,
196,ACCGGACACA,0,641.5,5.77,,,,
197,TTTACAATCC,1,544.5,0.21,,,,
198,GGGAGCGTAA,0,510.1,0.49,657.6,0.48,,
199,TCTGGGGTCA,0,707.9,0.46,,,,
200,AGTTTCCCCA,0,559.7,1.01,,,,
201,AACTAACCTA,0,555.9,1.57,,,,
202,AGCGAAAAAT,1,607.7,0.23,,,,
203,TCCCCTCCTG,0,573.2,0.26,,,,
204,CCAAGACCGT,1,,,,,,
205,GACATACGTG,0,636.8,0.39,,,,
206,TTAGGTCCTC,0,547.1,0.74,,,,
207,CCTTCACGCT,1,,,,,,
208,TTCGGCGTCT,0,550,0.24,,,,
209,GTACCTGGAG,0,,,,,,
210,CAGATTGGTA,0,578.5,0.24,,,,
211,CCTAGTCCTC,1,518.2,0.33,,,,
212,TAGGTGAAAG,1,,,,,,
213,AGGACAACTG,1,,,,,,
214,GTGACCAACG,0,610.9,0.55,,,,
215,CGGCCTCTAG,0,627.7,1.71,545.1,0.32,691.7,0.32
216,CGTCAGCGTT,0,665.6,0.3,,,,
217,CGTACTTGGC,0,637.6,0.74,,,,
218,GATCAAAGGC,0,564.7,0.34,,,,
219,CCCACGCAAA,0,629.8,3.27,715.7,0.26,,
220,CCCCGATATC,0,697.3,1.34,637.9,0.75,544.8,0.49
221,ATCATCGCCT,0,590.3,0.99,,,,
222,TCGTTCAAGG,1,,,,,,
223,GCGGTGAAGC,0,665.9,0.45,,,,
224,TCTCGGGTTA,0,566.6,0.69,657.2,0.45,,
225,CGGATCAAGC,0,546.8,0.39,,,,
226,CTAACTGCTG,1,,,,,,
227,CTCTAAAGAG,0,553.4,0.58,,,,
228,AATACATGGC,1,,,,,,
229,AACATGGCTC,0,530.3,1.74,622.2,0.29,,
230,TCCAGGCTAG,0,632.6,1.6,692.5,0.56,,
231,TCCGTTGTAT,1,,,,,,
232,TCGTACAGCT,1,,,,,,
233,CGAACGGGTC,0,606.1,3.33,678.7,0.41,,
234,GGGCGCTACA,0,642.5,0.53,543.4,0.28,,
235,TAAAGCGGGG,0,642.8,0.84,532.8,0.58,,
236,GCCGCTCTAC,0,613.2,1.16,,,,
237,GCTTGCTCTA,1,,,,,,
238,CATACAGATA,0,541.3,0.32,640.8,0.27,,
239,GTCAGAGTGT,0,536.9,0.59,409.1,0.39,,
240,CGCACTGTTT,0,587.2,0.34,631.5,0.26,,
241,CGGCAGTAAG,0,633,0.24,,,,
242,ACAGAAAAAG,1,,,,,,
243,TCCCAATTTC,0,641.8,0.39,,,,
244,AAAGCTCCTT,0,507.5,0.34,,,,
245,CACGGGCAGA,0,639.8,3.11,,,,
246,GGGTTCTTAG,0,668.3,17.53,,,,
247,AGAACATTCG,1,523,0.42,,,,
248,TGAGTATGCA,1,,,,,,
249,TGAAGGGTCG,0,549.9,0.27,,,,
250,ACGAGCGCTC,0,,,,,,
251,CCTACGGCGT,0,682.8,0.68,,,,
252,TGCATGGCCT,1,,,,,,
253,GTGGTACATG,1,,,,,,
254,GGGTCCGTCT,0,719,1.04,603.4,0.55,,
255,AGGCGTGCTG,0,651.8,3.22,,,,
256,GACGACTAGA,0,631,0.23,,,,
257,GAGAGGTGCG,0,657.6,0.34,,,,
258,GTAGCCTATA,1,,,,,,
259,GCAAGCGGGA,0,651.3,3.41,543,0.68,,
260,ATCTCCTACT,0,549.5,0.76,,,,
261,GCTACACAGT,1,529.7,0.22,,,,
262,TATCCGGCAC,0,577.7,0.44,650.7,0.35,,
263,TTTGATCCTC,1,428.8,0.42,,,,
264,TTCTCCCCTG,0,518.2,2.66,699.6,0.64,,
265,TCACTAGTTT,1,,,,,,
266,GGGGAATACA,0,676.8,1.96,772.7,1.5,584.5,1.25
267,TTAGCATTGG,1,,,,,,
268,GCGGAGTAAG,0,647.1,0.38,,,,
269,TTTACCATCG,1,,,,,,
270,AAAGATACGG,0,616.8,0.24,,,,
271,CTCTCCGAAC,0,667.7,2.6,606.6,0.45,,
272,GGGCGGTACT,0,639.3,1.68,,,,
273,ACACCGTTAA,0,546.8,0.86,,,,
274,TTTAGGAGCC,0,,,,,,
275,CCACCTTTTC,0,547.2,71.22,,,,
276,AAGTGGCGTC,0,631.1,1.28,,,,
277,ACAAGACCTT,0,536,0.22,,,,
278,TATGAGCCTC,0,508.3,1.1,638.6,0.23,,
279,AGTTAGCAAT,1,,,,,,
280,GAAGGACCCT,0,550,0.4,,,,
281,GTACTACACA,0,527.7,2.58,655.6,0.79,,
282,ACAACCTAGA,0,516.1,0.71,,,,
283,GGCAGCGTCG,0,612.1,2.18,555.4,0.52,,
284,ATCGTTCATT,1,,,,,,
285,ACGTGCACTA,0,532.5,9.89,629.1,2.57,,
286,CCCCAGTTAC,0,661,0.38,541,0.21,,
287,CGCTGCAATC,0,605.8,0.31,,,,
288,CGGATAAAGC,0,571.8,0.72,,,,
289,GCCCGTTTCG,0,633.8,0.32,,,,
290,AGGGAAAGAG,0,487.6,56.95,529.2,27.39,,
291,GTAACCTGCA,1,,,,,,
292,TTGCAGGAAT,1,549.7,0.21,,,,
293,AGTACTCGGC,0,492.4,0.23,,,,
294,CGGGCGGCTA,0,629.7,1.26,532.8,0.28,,
295,CGACTGGCGA,0,655.1,7.37,,,,
296,ATTGGACCGC,0,652.3,0.51,,,,
297,ATGTCGATAC,1,,,,,,
298,GATCGCTGTA,1,,,,,,
299,GAGCCTCAGC,0,638.9,1.21,,,,
300,GAACTAAATG,1,,,,,,
301,CAATTCGGGG,0,,,,,,
302,CACTCCACGG,0,594,1.98,,,,
303,CTTCTGGATT,1,,,,,,
304,CGCCCTATCC,0,618.4,9.78,685.7,0.78,,
305,TTGGCAGCAA,0,531.8,1.13,,,,
306,CGCGCGACCA,0,543.9,3.71,648.1,0.69,,
307,CTTACATCTA,0,506.4,0.68,,,,
308,ATTAACGAGT,1,,,,,,
309,GGTGTTTCGC,1,,,,,,
310,ATGACAGAAG,1,,,,,,
311,CTGCGTGTCT,0,553,1.04,,,,
312,TGCAGCGAAT,1,,,,,,
313,TGGCGGCACT,0,619.8,10.27,746.4,2.58,,
314,AGGCGAACAG,0,518.7,3.86,,,,
315,ACGTCAACGT,0,697,32.68,,,,
316,CATGATCGCT,0,549.8,0.79,,,,
317,GGAATCCGCC,0,660.2,2.61,532.8,0.83,766.2,0.25
318,CCTCGTTTTT,1,,,,,,
319,GTATGGTTGG,1,,,,,,
320,CTGATGACCT,0,528.2,0.68,,,,
321,GGCGTCTCAG,0,687.6,1.18,,,,
322,TCCAGCCCGC,0,682.2,9.8,619.1,1.75,558.2,0.85
323,TTACTGGGTC,1,,,,,,
324,CTTGGCTTTG,1,,,,,,
325,TGCCCTGTCG,0,636,3.8,,,,
326,CTAATATCGG,0,551.5,0.94,,,,
327,TTGGAACCTA,0,536.9,0.6,623.2,0.27,,
328,GGGATTTACC,0,685.2,1.1,809.4,0.79,,
329,CACCCCCAGT,0,611,8.07,,,,
330,GCACTTCTTT,0,595.7,1.57,,,,
331,TTCAAAAGCA,1,553.2,0.21,,,,
332,GTCCATTTAT,1,,,,,,
333,GTACGTCCTT,0,642.5,0.23,,,,
334,TATCTATCCA,0,541.7,2.17,,,,
335,CGTCCGTGTT,0,643.1,3.16,,,,
336,AACTCGCAAA,0,645.2,3.78,522.7,0.68,768.6,0.38
337,AGGATAGGAA,0,536.1,1.76,,,,
338,ATGGGGAAAC,0,695.7,6.51,638.4,4.7,,
339,TAAAGCGGTA,0,649.9,1.66,,,,
340,AACAACCGAA,0,646.1,33.04,569.8,12.21,,
341,AGAAGATCCA,0,584.1,1.24,,,,
342,CGTTCGGATC,0,545.5,0.6,638,0.21,,
343,GCTCGTCTAT,0,662.1,3.15,,,,
344,TGAGATATCG,0,,,,,,
345,GGCGATTGCT,0,616.2,0.96,,,,
346,AGTGGCTAGT,0,,,,,,
347,GGAATCGACA,0,552.9,0.53,708,0.41,,
348,CACGGCATGG,0,683.8,3.76,,,,
349,TTGATCTAAG,1,,,,,,
350,GCTGTATTAA,0,564.7,0.41,,,,
351,AATCGTGGCG,0,646.4,0.69,,,,
352,GCCTACGCAA,0,533.6,3.1,634.5,1.81,,
353,ACCTTTATGA,0,,,,,,
354,ATCGCTGTCA,0,559.1,13.5,,,,
355,TCCACGAGAA,0,532.8,47.06,558.2,15.05,,
356,GCCGACCTAT,0,640.7,39.35,510.7,0.7,,
357,TGTTTGCGTG,1,,,,,,
358,GTCAACCGCT,0,601,9.59,,,,
359,CACTTCCGTG,0,602.4,0.94,,,,
360,GGACAGAACG,0,667.4,4.2,536.1,2.38,,
361,CAAGATCGCG,0,650.7,2.14,734.1,0.28,,
362,TTGATTGTCA,1,,,,,,
363,TCTCATCTTT,1,538.9,0.26,,,,
364,TTCCCGCCGA,0,558.2,0.46,,,,
365,TGAGGCGAAG,0,534.2,2.28,642.3,0.23,,
366,CAACTAGTTA,1,,,,,,
367,CCGTCCATTA,1,,,,,,
368,TAACCGCGAG,0,629.1,1.93,690,0.6,,
369,TACAGACGTC,0,615,2.32,535.6,0.64,,
370,ACTGCCCCGA,0,645,7.29,,,,
371,CGCGGAGGAT,0,635.8,1.77,,,,
372,CCTAGATACT,1,,,,,,
373,GCTGGATATT,1,,,,,,
374,TACAGAGCCG,0,546.9,1.13,640.6,0.74,,
375,ATCACAGGGC,0,642.1,7.41,544,0.42,,
376,ATCCCCAAAC,0,562.4,85.2,684.3,26.52,,
377,TACTGTAGGG,1,,,,,,
378,GCTACAAATA,0,548.7,0.77,,,,
379,ACACCCGTCT,0,632.5,0.39,,,,
380,TAAACTGAAC,1,,,,,,
381,AGAGTCCAAC,0,482.5,19.2,,,,
382,GACAAGTGCA,0,541.5,0.86,,,,
383,ACCTCGGAAA,0,686,6.42,590.1,2.74,,
384,GGGGCCAGGC,0,641,0.64,,,,
385,GCAGACCAGT,0,550.4,0.36,,,,
386,CCTACACTGT,0,541.5,1.98,,,,
387,ATCCTTAATG,1,,,,,,
388,GAGTTAAGAT,1,,,,,,
389,TTGCCGTGCC,0,660.5,0.34,,,,
390,AGCCAACTGG,0,673.7,2.26,588.9,0.3,,
391,GTTTAGCGAT,1,,,,,,
392,TTACGACCCA,0,629.8,37.13,684.6,8.87,,
393,GGTTAACACT,1,,,,,,
394,CATAGATGTC,0,553.8,0.45,,,,
395,GCTCTTGAGA,0,633.6,1.38,549.3,0.32,,
396,ACGTATTTCC,1,,,,,,
397,TCTACTCTCA,0,,,,,,
398,CAACCTGCAG,0,530.4,0.49,,,,
399,TGGGTCAGGA,1,557.2,0.37,,,,
400,GGACAGCTCT,0,662.9,3.01,538,0.82,748.3,0.8
401,CTATACGAAG,0,549.4,0.36,,,,
402,TAAGCAAGAG,0,535,4.78,,,,
403,AAAGAAACAC,0,,,,,,
404,ATCATGTACC,1,,,,,,
405,TCGTGCCGGT,0,566.4,0.23,,,,
406,TTTGGGAGGG,1,,,,,,
407,AGCAGCCGGT,0,589.3,2.12,507.1,0.33,,
408,AGTACCACAG,0,497.6,0.6,,,,
409,CTCGTCCGCT,0,603.1,0.67,,,,
410,GTCTCGAGTT,0,538.1,0.42,,,,
411,CGGGTGTGGC,1,,,,,,
412,GGACTTCAGG,1,,,,,,
413,GGACGGCTCA,0,632.1,1.47,,,,
414,TTCAAATAGC,0,577.7,0.93,,,,
415,AACAGAAACC,0,547.6,0.55,,,,
416,TCCTATCGGG,1,,,,,,
417,CTCAGATTTA,0,516.6,0.81,,,,
418,AGACCACTCT,0,543.1,0.45,,,,
419,ACCTGGACCG,0,681.8,5.63,571.8,0.24,,
420,GCAAGATTGA,0,537,2.31,,,,
421,TCTATACAAC,1,,,,,,
422,AACACGATTG,0,556.8,0.55,,,,
423,CCTATTAAAC,1,,,,,,
424,CATACTAAGT,1,,,,,,
425,TTCTTGAAGT,1,,,,,,
426,TAAGGCCCCA,0,628.5,2.59,562,1.15,,
427,CTGGACTACG,0,647,2.72,539.5,0.31,,
428,ATGTAGTGTC,1,,,,,,
429,GTCCTTCATC,1,554.1,0.24,,,,
430,CGAACGGGTT,0,544.5,1.74,609.9,0.49,,
431,GCGGAGCCAA,0,,,,,,
432,CTAGGGCCCT,0,619.6,64.15,,,,
433,CAGTGCGTCT,1,,,,,,
434,CGGGGGGAGC,0,675.1,2.38,,,,
435,GTCGACGCCC,0,619.5,3.47,,,,
436,GCCAACTCGT,0,501.1,9,671.8,5.79,,
437,GGAAGGCAGC,0,645.4,0.49,,,,
438,TTTAGCGATA,1,,,,,,
439,CCTGGCTAGC,0,699.2,32.78,,,,
440,CACCCTTAGA,0,612.6,0.89,,,,
441,CGTTGGTACA,1,,,,,,
442,AGATTGGTAT,0,539.8,0.84,,,,
443,ACCAGGATCG,0,565.6,0.4,,,,
444,GGCTCTACAA,0,544.5,2.32,715.3,1.7,,
445,AAGAATCGGT,0,580.9,1.48,667.6,0.26,,
446,GAGCTAGTGG,0,539.1,2.07,,,,
447,ACTGCCTGTA,1,,,,,,
448,GATTTCAAGG,1,,,,,,
449,CGTCAATAAT,1,553,0.22,,,,
450,GTGATTGTGT,1,,,,,,
451,ATCTATCGGT,0,556.2,0.89,,,,
452,GGTCATAACT,0,569.2,1.58,518.6,1.45,,
453,GTCCACCACA,1,,,,,,
454,CTTTATCACC,0,,,,,,
455,ACGAATTGGA,0,550.5,0.78,,,,
456,ACAAGCCCCA,0,510.6,23.3,621.7,11.69,,
457,GGTGGACGGC,0,578.5,0.6,634.7,0.27,,
458,CGGTCGTAGT,1,,,,,,
459,GAAATCGCAC,0,556.3,8.08,,,,
460,CTCCGACGAG,0,636.5,0.47,,,,
461,TTCCCTGGTT,0,524,1.1,,,,
462,TGCATGTGGT,1,,,,,,
463,CTGTCTGGAC,1,,,,,,
464,GGCGTGCAGG,0,519.3,1.09,,,,
465,TTCTAAACGT,1,,,,,,
466,GCCTACCGTA,0,544.7,1.43,642.3,0.51,,
467,CTGGTAGCAG,1,,,,,,
468,ACAGAGCGGA,0,562.9,0.57,661.6,0.52,,
469,AAAAATCCCA,0,550.9,4.64,,,,
470,ATGGTCCCGC,0,533,6.7,695.4,2.68,,
471,GCAAAGCAAA,0,,,,,,
472,TGACGCTGTG,0,540.6,20.6,,,,
473,TTCGTCCAGT,1,,,,,,
474,TGGCATGGAA,1,,,,,,
475,GGCACGAGTT,0,602.8,1.5,536.3,0.6,,
476,AGGACGATCG,0,543.5,5.24,651.6,1.18,,
477,TTTAGAGTGC,0,583.3,0.43,,,,
478,GGGCCGCAAG,0,648.2,1.55,,,,
479,GGGTGGGGTA,0,695,4.32,,,,
480,ACTGCGTTGG,0,,,,,,
481,TAATTTGTGG,1,,,,,,
482,AGAATACGCC,0,518.6,0.33,551.7,0.33,,
483,CTCGGCGGCA,0,658.1,5.88,,,,
484,GTGCTTATGG,1,,,,,,
485,GTCTGCGGCT,0,636.5,0.25,,,,
486,GACGAGGAAC,0,,,,,,
487,GGCACAGGCT,0,659.3,1.7,594.7,0.8,,
488,TTTGTTACAG,1,,,,,,
489,TGAGTTGCCG,0,521.2,1.17,,,,
490,GATTATACCC,0,,,,,,
491,GGCTAGCGCG,0,672.2,15.26,,,,
492,GCATCCAGAT,0,627.7,1.41,577.4,0.63,,
493,GAGACTAGCC,0,668.2,1.52,575.5,0.31,,
494,GCATAGCGGT,1,,,,,,
495,GACTAGGGTC,1,,,,,,
496,CTTTATAGAC,1,,,,,,
497,CTTTACCTCT,0,,,,,,
498,TGTAGTCCTT,1,,,,,,
499,TGTCTTGTGT,1,,,,,,
500,TTGATTTCCC,1,,,,,,
501,AGCGAATAAA,0,546.3,0.71,,,,
502,TTAGTGCTTC,0,660.3,0.24,,,,
503,TGTGAACGTG,0,559.4,4.41,,,,
504,TACTGTCTCC,0,551.2,0.6,,,,
505,AGACAAGTAC,0,763.1,0.34,,,,
506,AACGTTCTGT,0,571.2,0.55,,,,
507,CTTGGTAATA,1,,,,,,
508,TAGAACCATC,0,,,,,,
509,AATGCACGAG,0,,,,,,
510,GCCGTAGCGA,0,539.6,1.55,654.5,1.2,,
511,CTACGAGATG,0,,,,,,
512,CGGAGCTACT,0,631.5,0.52,,,,
513,AGGGGAACAA,0,702.9,10.27,631.3,7.33,533.5,1.36
514,AGCCGCGATA,0,523.3,0.6,,,,
515,GTGGAGAATG,0,573.7,7.41,710.2,5.96,,
516,ATACGGGTTA,0,535,23.92,,,,
517,AAGTCAAAGT,1,,,,,,
518,GAAAAGCCCA,0,535.8,1.57,,,,
519,TTCGGCTTCA,0,588.1,1.6,689.1,0.56,,
520,CGACTGCCGC,0,642.7,0.6,,,,
521,CGGTTTGGCC,0,657.9,2.91,777.7,0.93,,
522,CCTAATACAT,1,,,,,,
523,TGGCACAATT,1,,,,,,
524,TAACTATGGT,0,633.7,1.96,,,,
525,AACCACCCCA,0,619,7.56,540.1,1.42,,
526,CGTCTAACTT,1,,,,,,
527,CGGACCATCG,0,635.3,2.46,,,,
528,GGGAGGCAGT,0,,,,,,
529,TTAGCGAAGA,1,552.1,0.21,,,,
530,ACGCTGGTGA,0,,,,,,
531,CGTCTGCGCA,0,582.9,0.35,636.3,0.21,,
532,TTTTACTCAC,1,,,,,,
533,CAGCTGCGCG,0,633.5,0.77,,,,
534,GGGGTGCAGT,1,,,,,,
535,TAGGGTGTAC,1,,,,,,
536,AGGTTTGTTG,1,,,,,,
537,TTCAATTTGG,1,,,,,,
538,CAGTCAGCAC,1,,,,,,
539,CCGCAAAGTA,0,591.4,0.87,,,,
540,AGCTTGGTAA,0,554.4,0.54,620,0.41,,
541,CGAAGGGATC,0,630.8,0.38,,,,
542,ATATCCCCGT,0,565.6,0.86,,,,
543,TCTGATTCGG,1,,,,,,
544,TGTCGACGGG,0,,,,,,
545,TGGATTAAGA,1,,,,,,
546,CAACCATGTA,0,583.9,1.21,,,,
547,ACCGTTCTAT,1,,,,,,
548,TCCTCCGGCC,0,632.6,3.82,,,,
549,CACAGCGGAG,0,615.6,0.73,,,,
550,CCAACAGCCT,0,,,,,,
551,GCTAACCTAC,0,540.6,0.33,,,,
552,GCGGGGTGTG,0,674.1,1.11,793.8,0.93,,
553,ACCATAACGT,0,561,0.53,,,,
554,GCGTTGGCCC,0,670.9,24.57,551.4,0.46,,
555,TAGCGAGCGG,0,630.8,1.49,539.8,0.32,,
556,TTGTCGCGAT,0,703.4,0.2,,,,
557,GCTGATCACA,0,618.7,0.37,,,,
558,TCAGAGACTT,0,559.6,0.52,,,,
559,CACCGCGGAG,0,677.6,1.07,,,,
560,CAGGGTCGAA,0,559.9,0.5,,,,
561,TCTCAAGTAG,0,560.5,0.43,,,,
562,ATGCGCTCAT,0,613,0.34,,,,
563,CTGTAGGTCC,1,,,,,,
564,TTCGTTGCGC,0,659.2,0.63,710.9,0.29,,
565,ACATGATACC,1,,,,,,
566,ATGAACAGAA,1,,,,,,
567,CTACCGAAGA,0,,,,,,
568,ACTCTTGTAC,1,,,,,,
569,ACTCGGGCAG,0,695.5,2.1,615,1.73,562.2,0.46
570,TGGCGTGTAG,0,,,,,,
571,TGTCATTCTC,1,,,,,,
572,ATTCTTCTTG,1,,,,,,
573,TCTCACATAT,1,,,,,,
574,CTTGACTCAT,1,,,,,,
575,GTTGGCTCGC,0,545.2,0.86,,,,
576,CTGCGCTTTG,0,633.3,0.33,,,,
577,ACGGTCCGAT,1,,,,,,
578,TCTACTCATT,0,,,,,,
579,TCGTATTCAA,0,536.7,2.88,,,,
580,CTGAATAAGC,1,,,,,,
581,AGGACTGGCC,0,643.1,0.51,553.8,0.24,,
582,ATGGGCACTT,1,,,,,,
583,CGAAAGGGAA,0,646.3,2.32,,,,
584,CCAAACATTC,0,539.1,4.09,,,,
585,GGACTCGATC,0,576.7,0.35,,,,
586,CGTTTCGACT,1,,,,,,
587,CGACTCATAG,0,560.7,1.39,,,,
588,GACTAGTACA,0,541.7,1.04,,,,
589,GCCGATACCC,0,628.7,6.79,,,,
590,CGTGAAGCGG,0,616.8,0.43,,,,
591,AGATTAACCT,0,602.5,0.25,,,,
592,GCATAGAACG,0,614.1,4,,,,
593,ATCCTGCTTG,0,525,0.95,,,,
594,GAAGTGATAT,0,531.8,1.27,,,,
595,TTTCGTCCGT,1,,,,,,
596,CATAGAGGCG,1,,,,,,
597,AGCTGAGGTC,1,,,,,,
598,CGGGACAGAC,0,669.9,3.94,,,,
599,TGGAACTCGT,0,,,,,,
600,ATTTTGTGTT,1,,,,,,
601,GTATCAAAGC,0,677.1,1.89,546.3,0.78,,
602,AGGCGATCAT,0,549.4,1.4,,,,
603,GTGGACGGTC,0,,,,,,
604,GTGCGGGCGG,0,643,0.5,542.4,0.22,,
605,GTTTAGCATT,1,,,,,,
606,AGACCATTTC,0,570.8,0.43,,,,
607,ACCGTCGGCC,0,621.4,2.81,529.7,0.42,,
608,CTCATGTCCC,0,,,,,,
609,CGAGCTGAAC,0,694.9,1.55,,,,
610,TCGCCGGGAA,0,560,0.78,655.5,0.26,,
611,AGTCCATTTA,1,,,,,,
612,TGAGTCACGC,0,646.9,0.7,532.3,0.2,,
613,AAAACCATTG,1,,,,,,
614,ACCGATGCAA,0,536,22.59,584.9,5.52,,
615,GGAACTAAAG,0,543.7,2.21,631,0.68,,
616,GGGCTTGCTG,0,614,0.21,,,,
617,TAGTTGCCGT,0,636.9,0.9,,,,
618,GACCCCGAAG,0,618.3,7.56,704.3,0.58,,
619,AAGCTCACTG,1,,,,,,
620,GACGGGTCCC,0,705.8,19.46,,,,
621,GCTTAACGCC,0,633.2,5.11,697.2,2.69,,
622,GACTGTGGTA,1,,,,,,
623,GTCTAAAAAC,0,,,,,,
624,TCCGGACAAT,0,,,,,,
625,TGTTGGTAAC,1,,,,,,
626,TTGCCAAGTG,0,673.6,0.97,,,,
627,AGCCTCCAGG,0,612.9,0.92,,,,
628,TCTTTGATTC,1,,,,,,
629,CGTTTTGGCA,1,,,,,,
630,TGTCAACAAA,0,639.5,25.92,,,,
631,TGTTCAAGGA,1,,,,,,
632,CCTCTAGCAC,0,542.9,0.44,,,,
633,AAACTTCCGT,0,562.8,0.64,,,,
634,ATTATAGGAC,0,510,0.54,,,,
635,CTCTCGCCCG,0,588.6,2.98,,,,
636,ATGTCTACCA,0,529.1,0.84,,,,
637,GTGATCCCGC,0,711.2,8.01,657.4,3.89,,
638,TGTTCCACGT,0,561.2,0.3,,,,
639,AATACAGCTG,1,,,,,,
640,GCCAGCCGTT,0,583,0.22,,,,
641,ATCTCACGCG,0,600.5,1.13,,,,
642,TCATTGGCAC,0,,,,,,
643,CAAAGCGCAT,0,,,,,,
644,CTTGTTAAAG,1,,,,,,
645,AACCCCTACG,0,606.8,15.31,686.4,14.42,522.4,1.44
646,GTTAAACGCA,1,,,,,,
647,TCAGATATGC,0,720.4,0.48,,,,
648,CGAGTTCTCG,0,646.4,0.34,,,,
649,TCTAAAACGT,0,,,,,,
650,CATGTGGGTC,1,,,,,,
651,GAAAAGGTCT,0,557.6,0.78,,,,
652,CGAGATAAGT,0,553.4,0.49,,,,
653,CCTCCTTTAA,1,,,,,,
654,TTCTTGTCGT,1,,,,,,
655,TTACGCCGGG,0,,,,,,
656,GGTTCCGGGC,0,667,18.82,,,,
657,CGCGCCTGAG,0,647.7,2.47,704.7,0.91,,
658,CGCTCGTGAA,0,590.6,8.71,671.2,1.43,,
659,ACTAAGAACC,1,,,,,,
660,TGTTCGTGAC,1,,,,,,
661,CAGATGTCCA,0,549.1,8.45,,,,
662,GTAGAACGTT,0,811.1,0.35,,,,
663,AGTTTTTGTG,1,,,,,,
664,CAGGGATAGA,0,,,,,,
665,GGCTAGTTCG,0,572.3,0.25,,,,
666,CTAGCGTCGC,0,652.4,4.75,,,,
667,TATCCTTATC,0,520.5,0.53,435.9,0.34,,
668,CTAATTCAGG,0,,,,,,
669,AAACCCCTGT,0,564.1,3.97,606.6,1.66,,
670,TTTTCGGAAA,1,,,,,,
671,ATAGCAACGC,0,541.8,0.66,652.1,0.52,,
672,GACTAGGTAG,1,,,,,,
673,GGATACACTG,0,563.9,0.27,,,,
674,GCGTCACGAG,0,641.8,0.51,,,,
675,AGTTGCCCAG,0,655.5,1.03,,,,
676,GGTATTGCAA,1,,,,,,
677,GAAATTAGCG,0,550.6,0.26,,,,
678,ATTGCATACA,1,,,,,,
679,GACATATCTT,1,,,,,,
680,CCCCGTTGTT,0,683.5,3.02,,,,
681,ACGAACATGC,0,622,2.66,,,,
682,AATACAGACG,0,664.8,0.93,561.2,0.54,,
683,CTAGCCTTAA,0,544.4,0.43,,,,
684,TAAAGCAGGT,1,,,,,,
685,ACCCGAGCCG,0,606,3.8,665.6,3.63,546.5,2.19
686,AGGGCGCCGC,0,646.8,1.32,690.3,1.17,,
687,CACCCGGCGG,0,643.6,1.07,,,,
688,CACCGACCCG,0,673.2,1.39,607.3,1.35,,
689,CCACGCCCGC,0,621.3,0.74,673.7,0.33,,
690,CCACGCGCCG,0,634.7,2.08,,,,
691,CCCACCGCGC,0,653.9,5.92,,,,
692,CCCACCGGCC,0,649,3.68,,,,
693,CCCCCGGACG,0,678.4,7.77,682.8,6.39,625.5,5.75
694,CCCGGACCCC,0,660.2,4.68,676.4,2.4,556.5,0.75
695,CCCGGCCGAA,0,669.4,8.43,719.1,8.37,706.6,6.35
696,CCGAACCCGC,0,664.6,4.84,779.6,1.33,,
697,CCGCCCCGAG,0,688.2,7.6,593.5,1.98,,
698,CCGCCCGCCC,0,633.8,3.23,686.5,3,670,1.54
699,CGACGCCCCG,0,626.7,0.24,,,,
700,GACGCGGCCC,0,655.7,6.17,700.4,0.5,768.7,0.45
701,GCCCCCGACA,0,657,5.82,595.4,1.48,530.4,0.97
702,GCCGAGCCCG,0,649.3,2.67,,,,
703,GCCGCCCGCC,0,562.8,19.15,600.4,10.51,,
704,GCCGCGCCGA,0,662.7,2.72,429.7,0.44,,
705,GCCGGCCCCG,0,663.7,2.73,534.6,1.24,,
706,GGCCGACCCA,0,620.5,12.57,677.6,0.9,719.7,0.8
707,TCCCGGCCCC,0,663.9,2.12,,,,
708,ACCCGGCGCG,0,673.5,6.8,,,,
709,ACCGCCGGGA,0,664.9,16.23,784,7.1,,
710,AGCCCGAACA,0,535.6,0.82,,,,
711,ATCCCGAGCG,0,680.4,7.94,721.2,3.28,,
712,ATCCCGCCCA,0,606.7,6.02,,,,
713,CACCCCGAGC,0,634.1,1.73,,,,
714,CCACGACCGG,0,636.5,31.93,,,,
715,CCACGCGGGA,0,644.4,1.74,718.6,0.55,,
716,CCAGCCCGGA,0,666.5,61.22,,,,
717,CCCAACCCGA,0,634.5,19.91,821.4,9.95,,
718,CCCAAGCCGC,0,626.5,3.6,,,,
719,CCCAGCGCGG,0,668.9,1.67,557.2,0.52,612.3,0.36
720,CCCCCGGGCG,0,735.4,7.42,773.4,5.66,625.3,1.56
721,CCCGGACGAC,0,668.5,13.91,,,,
722,CCGACCCCGA,0,623.6,6.38,540,1.3,,
723,CCGCCACGCG,0,632.1,1.68,698.4,0.41,,
724,CCGCCCGAAA,0,663.6,3.4,638.9,1.38,,
725,CCGCCCGGAT,0,676.1,3.5,623.1,1.21,,
726,CCTCGCGGCG,0,641,26.77,681.7,10.38,,
727,GACGGAACCC,0,671.5,1.13,601.1,0.4,,
728,GCAAGCCCGC,0,670.3,3.16,,,,
729,GCACGCCCCA,0,624.3,1.1,,,,
730,GCCGACCGCG,0,621.6,8.2,651.6,6.62,,
731,GCCGCCCGAA,0,619,4.2,572.4,3.41,,
732,GCCGGCTCCC,0,633.5,20.45,655.1,7.25,538.7,0.92
733,GCCGGGCCGG,0,707,2.98,718.6,0.88,,
734,GCCTCGCCCC,0,633,1.32,680.7,1.13,682,0.22
735,GCGACCCCAG,0,630.9,23.53,,,,
736,GCGATCGCCC,0,655.9,1.69,,,,
737,GGCAACCGCG,0,603.7,3.82,667.6,2.17,,
738,GGCGACGCCA,0,585.2,3.13,641.7,2.28,,
739,GGGCTCCCGA,0,673.8,1.51,,,,
740,TCCCGACGCG,0,627.4,0.94,568,0.33,,
741,TCCGACGCCC,0,605.3,1.01,679.2,0.9,535.7,0.62
742,ACCACGCCGA,0,628.1,1.33,529.8,0.29,,
743,ACCCCACCCG,0,617.2,9.22,697,3.46,,
744,ACCCCGGAGA,0,622.9,14.19,553.3,9.62,,
745,ACCGGCCCTC,0,532.8,2.76,679.5,1.76,,
746,ACGCACCCAG,0,609.5,14.71,,,,
747,ACGGGCCTCG,0,549.5,1.82,661.7,1.24,,
748,AGCGACGCCC,0,645.5,0.83,,,,
749,AGCGAGCCCA,0,691.9,3.85,579.3,2.45,,
750,ATCCCACCGA,0,632.2,2.99,660.5,2.08,556.3,1.39
751,CCAGCCGCGC,0,614.1,3.04,643.7,1.57,512.2,0.68
752,CCCCAGCCCT,0,682.3,1.87,546.7,1.73,,
753,CCGAAGCGCG,0,678.1,2.36,596.3,0.31,,
754,CCGACGCCCT,0,683.4,3.48,604.8,1.12,666,0.37
755,CCGCAACCGA,0,603.5,0.73,512.4,0.3,,
756,CCGCGACCAG,0,638.7,0.51,544.8,0.3,,
757,CCGCGCTCCA,0,628,0.26,,,,
758,CGCAAGCCCG,0,643.6,0.82,604,0.4,,
759,CGCCAGCGCT,0,643.9,0.84,,,,
760,CGGGAACGCG,0,639,1.04,,,,
761,GCCGCGAGGG,0,640.1,1.24,,,,
762,GCCGTCCCCA,0,632.1,8.01,,,,
763,GCTACGCGCC,0,648.6,5.86,,,,
764,GCTCGCGGCG,0,681,1.5,594.8,0.64,,
765,GGCAGCGCAC,0,634.4,4.21,434.9,0.63,,
766,GGCGAACCGA,0,632.3,1.17,549.5,1.02,,
767,GGGCTCGCGA,0,655.1,0.42,,,,
768,GGGCTGCCCG,0,670.3,1.23,,,,
769,TCGACGCGGC,0,640,12.04,,,,
770,AACCCGCCAC,0,481.5,0.77,641.1,0.69,,
771,ACGGCAACCG,0,622.1,38.14,,,,
772,AGGGCAACGC,0,688.1,2.13,,,,
773,AGGGCCCAAC,0,666.2,1.58,628.5,0.66,,
774,ATCCCCCGCG,0,622.9,10.71,676.6,10.56,761.9,1.21
775,ATCCGAGCGG,0,630.7,1.09,,,,
776,CCAGCTCCCG,0,649.4,35.62,,,,
777,CCCACACGCC,0,655.4,18.46,,,,
778,CCCCAGCTCG,0,655.6,5.24,675.7,1.16,,
779,CCCCGCGAGT,0,666.5,3.65,574.2,2.5,,
780,CCCGCCCCAT,0,665.7,4.07,679.1,3.4,620.1,3.11
781,CCGACAACGC,0,617.1,4.75,517.1,0.71,,
782,CCGAGCCGGG,0,643.5,1.76,748.3,0.67,,
783,CCGCGACTCG,0,605.3,0.39,646.7,0.29,,
784,CCGGAACCGA,0,652,0.54,,,,
785,CCGTCCCGCC,0,725.4,3.76,,,,
786,CGAACCGGGC,0,662.6,1.45,808.6,1.25,519.9,0.2
787,CGACCCACCC,0,613.9,6.44,652.1,5.86,,
788,GAAGCGCCCC,0,571.6,2.23,675.7,0.23,,
789,GCCGATCCCG,0,671.7,6.33,,,,
790,GCCGCCCAGG,0,579,7.43,626,3.28,,
791,GGAACCCCGC,0,655.8,4.49,575.2,2.58,,
792,GGACCCCCGC,0,617,9.53,675.1,3.55,,
793,GGCCGAACGG,0,647.4,9.92,756.6,4.26,,
794,AACAGCGCCC,0,595,4.89,497.1,4.19,,
795,ACCAACCCGC,0,656,25.47,553.9,1.19,,
796,ACCCATCCCG,0,714.8,7.09,618.9,5.51,,
797,ACCGATCCCG,0,649.6,2.7,681,1.29,,
798,ACGCCCCCCA,0,659.9,2.78,525.8,1.56,,
799,ATCGGCCCTC,0,639,0.32,,,,
800,CACCCGACGT,0,615.8,1.99,,,,
801,CACCCGGCTA,0,520.1,2.04,657.6,1.28,,
802,CCACGGGCAA,0,696.7,4.94,732.9,1.44,,
803,CCAGGCCCCC,0,666.1,0.36,,,,
804,CCAGGCCGAC,0,660,3.86,,,,
805,CCAGGGCGCC,0,665.6,0.63,770.9,0.49,721,0.29
806,CCCGCCACGT,0,603.5,1.28,,,,
807,CCGCCCCCAT,0,712.5,1.7,633.3,1.44,532.1,0.49
808,CCGCCCCTGG,0,716.5,4.65,633,1.98,660.5,0.25
809,CGCCCCCACC,0,682.6,12.96,,,,
810,CTCCGCCGCC,0,633.2,0.28,,,,
811,GAACAGCCGA,0,538,5.2,626.8,3.59,,
812,GCCACCCCCG,0,630.4,0.33,690.5,0.24,756.5,0.23
813,GCCAGAACGC,0,557.3,7.54,,,,
814,GCGATGCCCA,0,688.1,3.32,,,,
815,GCTCCCGGCT,0,619.7,5.89,654.7,3.88,,
816,GGAGCGCCCT,0,617,1.63,684.4,0.59,642.7,0.49
817,GGCAACGAAC,0,638.7,4.17,527.6,0.45,,
818,GGCGCCGCCT,0,677.8,0.61,,,,
819,GGCGCGAGGG,0,678.7,1.34,632.7,0.97,,
820,GGCGGGCAAA,0,650.6,2.74,,,,
821,GGGGCCAACG,0,578.5,0.32,727.3,0.3,,
822,TACGCCCAAA,0,696.4,0.47,565.6,0.22,,
823,TCCGCGCCAA,0,671.2,1.03,631,0.71,,
824,TCGGACCGCT,0,,,,,,
825,TGCGCCCCGC,0,628.2,6.3,,,,
826,ACAGCCCGCA,0,659.2,1.69,509.3,0.3,,
827,ACCAACGCCC,0,516.6,2.53,638.2,0.88,,
828,ACCCGAAACG,0,661,3.45,607.4,2.36,,
829,ACCGACCCCC,0,653.7,2.3,693,0.74,,
830,ACGCCCATGC,0,675,7.38,607.8,3.73,,
831,ACTCCGGCCG,0,644,9.83,,,,
832,AGCCCTCCCC,0,633.6,1.62,538.9,1.45,,
833,AGGGGCCCAG,0,685.7,1.1,661.3,0.38,,
834,ATCGCAGCGG,0,722.7,4.82,630.4,3.13,,
835,CCACTCCCGC,0,629.2,1.11,639.1,0.46,,
836,CCAGCACCGA,0,623.2,10.38,526.4,2.7,,
837,CCCAAGCTCG,0,669.3,0.97,597.7,0.8,,
838,CCCCCGAAAA,0,679.8,23.86,618.4,4.09,,
839,CCCGAAGGCC,0,639.3,1.38,538.1,0.84,,
840,CCGGAATCCG,0,710.6,11.97,,,,
841,CGACGGCAAA,0,612.3,1.93,,,,
842,CGGCCCACCT,0,663.4,28.08,549.3,1.55,,
843,CTACGCGAAG,0,617.6,1.11,,,,
844,CTGCCCCCGC,0,686.5,6.7,542.6,1.29,,
845,GACAGACCGG,0,655.3,1.15,700,0.51,780.9,0.27
846,GACGGAAGCC,0,652,0.22,,,,
847,GAGGCACCGG,0,771.2,0.7,644.8,0.54,709.4,0.24
848,GAGGGCGGCA,0,669.5,1.47,,,,
849,GCCCATGCCC,0,612.2,2.09,,,,
850,GCGAATCCCC,0,597,3.77,645.7,2.76,,
851,GCGCCCAAAC,0,638.4,1.21,,,,
852,GCGCCCATCG,0,605.9,1.32,532,0.69,,
853,GCGGCGCCTA,0,639.4,2.54,,,,
854,GCTCCCCGAC,0,637.8,3.68,519.9,0.58,,
855,GGACCCCCGT,0,615.1,17.62,662.5,7.35,543.3,0.8
856,GGGCCACGAA,0,624.9,1.48,669.9,0.57,,
857,TCGGGCAGAC,0,675,0.79,,,,
858,AACGAACCCA,0,536.5,1.07,629.8,1.03,,
859,ACCCGGAAAG,0,670.7,4.5,610,2.66,,
860,ACGCGCGCAA,0,657.2,1.67,543,1.49,,
861,AGGCTACCCC,0,633.6,1.14,745.4,0.6,694.2,0.42
862,AGGGGCCGAA,0,646.9,1.53,,,,
863,ATCCACCGAC,0,660,2.58,549.1,0.99,,
864,ATCCGCGAAT,0,,,,,,
865,CACCTCCCCG,0,593,1.84,705.5,0.88,,
866,CCGGGGCCCA,0,730.8,2.36,654.5,2.07,710,0.41
867,CGCCGATCCG,0,641.2,1.08,524.9,0.27,,
868,GCCCCCCTAG,0,650.4,15.49,614,2.89,518.2,1.26
869,GCGACGAGAC,0,658.6,1.28,,,,
870,GGCGACTCCA,0,644.4,1.3,526.9,0.4,,
871,GGGAGACCCT,0,653.7,6.34,565.6,0.78,,
872,AACGACCCGG,0,685.3,2.08,663.2,1.47,,
873,ACCGGAACCA,0,818.5,1.05,660.9,0.94,,
874,ACGGCAACCA,0,645.5,180.65,,,,
875,ATCCCACCTC,0,638.7,15.75,551.3,5.3,,
876,ATCCCTCCCA,0,596.8,7.92,,,,
877,ATCCGGGCAC,0,659.1,11.02,,,,
878,CCTAGCCCCG,0,664.1,3.45,541.9,0.61,,
879,CGACAGGACG,0,611.3,1.16,523.1,0.21,,
880,CGAGAAGCCG,0,629.8,0.97,,,,
881,CGCCGGGAGT,0,681.9,0.55,629.2,0.2,,
882,GACCAGAGCG,0,605.7,1.04,680.4,0.94,756.8,0.62
883,GAGAGCCCGA,0,558.7,2.69,665,0.57,,
884,GCCATCCCGC,0,650.3,3.7,702.5,2.5,650,1.9
885,GCCCACACAA,0,628.1,10.27,,,,
886,GCGTGCCCAG,0,673.3,0.38,,,,
887,GCTCCGGACT,0,669.7,5.21,,,,
888,GGAGAGCCCC,0,662.8,8.38,532,1.64,,
889,GGCTCGCCAA,0,650.7,2.43,,,,
890,TCGAACGCGC,0,688.2,1.86,,,,
891,ACGAACCGGG,0,719.4,0.5,,,,
892,AGCCGCAAAC,0,624.7,2.62,,,,
893,CCACCCCTGC,0,652.3,13.41,708.3,3.3,742.2,2.27
894,GCCAACCAAA,0,652.7,5.23,703.3,1.68,529.6,0.34
895,GCCGCAGCAA,0,653.6,0.5,,,,
896,GGCAACCTCG,0,605.4,4.99,690.1,2.68,,
897,TCCGACCCCC,0,807.6,4.34,665.8,3.04,,
898,AACCCCCGGT,0,636.1,27.11,601.6,18.43,,
899,AGGACACCGA,0,632.1,1.03,589.9,0.71,,
900,AGGACCCGAA,0,692.5,4.5,694.9,0.86,,
901,ATCGCGCAAA,0,673.6,17.64,699.5,7.93,545,3.51
902,CACCCCCCGA,0,651.7,3.4,544.1,2.92,,
903,CACGATCCGA,0,645.5,0.84,,,,
904,CCCAGGAAAA,0,687.9,0.99,562.4,0.34,,
905,GAAAGCGCGA,0,693.1,4.03,686.7,1.21,507.4,0.57
906,GAACTCGCCC,0,548.5,4.34,644.4,3.72,,
907,GCCAAAGCGC,0,684.4,1.97,591.9,0.2,,
908,GCCTCTCGCG,0,648.8,10.34,,,,
909,GCTACTCCCC,0,645.2,1.5,,,,
910,GGACACCCCT,0,652.3,4.2,780.3,1.7,,
911,GTCACGCCCC,0,654.7,1.29,,,,
912,TCACTCCCGC,0,638.6,0.65,,,,
913,TCGCCCAAAC,0,632.3,2.15,624.3,1.16,,
914,TGCCCCCAAC,0,677.2,8.02,533.2,4.27,,
915,AACCCCCAGC,0,608.6,17.96,675.9,10.56,535.1,2.65
916,ACACAGCCGA,0,642,24.36,623.6,23.83,534.9,4.29
917,ATCCGAAGGG,0,,,,,,
918,CCACCGTGAA,0,,,,,,
919,CCCACCAACA,0,626,2.22,667.2,1.37,530,0.62
920,CTCCGATCGC,0,645.4,1.85,545,0.36,,
921,GACCCCCCCG,0,635.3,0.8,695.6,0.67,,
922,GACGAGGCAA,0,519.8,0.68,661.5,0.32,,
923,GGCCCTGCGA,0,677.7,23.23,,,,
924,TACCGAACCA,0,740,0.6,569.8,0.42,,
925,AAGCCCGCAT,0,676.7,0.39,,,,
926,ACCTACGCGC,0,615.9,1.34,589.8,0.33,,
927,CACAAGCCCC,0,501,5.27,537.3,4.68,672.9,3.79
928,CCACGGCTAG,0,626.8,9.4,712.4,1.65,,
929,GATCCGCGGG,0,659.8,2.4,,,,
930,GGACGACGGG,0,673.8,0.32,,,,
931,TGACCGACCC,0,651.4,0.24,,,,
932,AGAGCCCTAC,0,655.3,1.93,685.2,0.93,,
933,CACAGACCCG,0,,,,,,
934,CCGGGTCCGC,0,644.6,1.25,547.2,0.21,,
935,GACCCGGTGG,0,672.2,0.92,,,,
936,GACGAAACCC,0,654.8,1.38,613.3,0.86,,
937,GCCGACCCTT,0,596.8,0.32,,,,
938,GCGTCCCCCT,0,630,2.25,517.8,0.29,,
939,GCTCCGCTAG,0,624,0.71,,,,
940,GGGACGCGTA,0,656.3,0.96,,,,
941,TCGATCCCGC,0,550.3,11.53,752.2,10.22,,
942,TTCCCCACCC,0,560.4,1.31,,,,
943,AACCCGCGGT,0,646.9,0.32,,,,
944,AATCCCCCAA,0,607.4,40.36,678.6,7.99,631.1,1.61
945,ACCTCCCCAA,0,598.2,26.69,,,,
946,ACGAGGGCCC,0,680.8,3.76,580.8,2.74,,
947,ATCCCCCAAA,0,620.2,15.21,682,4.79,,
948,CACCACCAAA,0,534.9,1.99,,,,
949,CCAGCGGGTT,0,585,9.27,628.8,4.45,,
950,CCGCCGAATA,0,571.4,25.98,608.9,15.51,,
951,CCTCCCCAAA,0,663.3,4.18,537,1.08,,
952,GAGATCCGGC,0,634.5,0.97,686.2,0.61,726.3,0.57
953,GGAAGGACCG,0,508.1,2.49,639.3,0.36,,
954,GGCCGCCTGT,0,685.7,0.43,,,,
955,TACGAGGCCC,0,671.7,0.9,,,,
956,TCCCTCGGGA,0,695.6,1.88,685.7,0.39,,
957,AACAGACCCC,0,633.5,2.89,524,1.42,,
958,AATCCGCACG,0,628,0.72,688.1,0.66,678.1,0.51
959,ACCGACCTAC,0,639.5,2.88,,,,
960,CCACTCCCCG,0,640.2,3.43,513.6,0.59,,
961,CGCGAGAGAA,0,675.5,1.3,,,,
962,CGGCTGGGCG,0,615.8,3.49,,,,
963,GAACGGCGGT,0,569.9,1.72,,,,
964,GACGTGCGAG,0,641.4,0.51,,,,
965,GGGCCCAAAC,0,709.6,2.43,542,0.23,,
966,TCCCACGGAT,0,601.5,3.35,548.9,2.34,,
967,ACCGGGGCTC,0,689.3,0.46,,,,
968,AGGGTGCCCC,0,677.1,2.79,688.7,0.43,,
969,ATCCCAAGCT,0,548.4,0.99,663.8,0.94,,
970,CCCTCCCCCT,0,526,2.71,605.5,0.63,,
971,CGCGCGCCTA,0,685.5,1.73,584.3,0.43,,
972,GACGACGGAT,0,737.8,2.19,730.7,0.69,,
973,GTCCCCAACG,0,643.6,4.61,,,,
974,CCAAGACCCA,0,634.5,2.32,609.7,1.39,526.4,0.57
975,CCGAGAGAAG,0,604.3,15.86,,,,
976,GAACAGGGAC,0,,,,,,
977,GCACCCACCT,0,542.7,0.84,620.5,0.73,,
978,GCGGAGAACA,0,539.1,1.23,637.7,1.22,,
979,GGCCGCTAGT,0,614.4,0.6,,,,
980,ACCCCACCTA,0,582,41.14,691.6,5.22,,
981,ACGGGGCAAA,0,666.5,34.77,,,,
982,ACGTCCCGGG,0,694.8,1.71,,,,
983,AGGCCCGCTT,0,,,,,,
984,CAAGGCGGGG,0,645.7,1.07,,,,
985,CAAGGGACCC,0,716.6,3.74,,,,
986,CCACCGCTGT,0,625.4,2.28,,,,
987,CCCCCCCCAT,0,718,5.26,712.2,3.8,534.5,1.91
988,CCCCCCCCCA,0,710.3,6.3,538.2,1.47,,
989,CCGAGCGTCC,0,655.2,5.49,781.5,0.58,,
990,CCGCCCTAGT,0,662.3,2.27,697.3,0.66,,
991,CCTCGCAAAC,0,632.8,1.43,534.4,0.58,,
992,CCTGGCCCCC,0,673.8,1.74,662.1,1.21,,
993,TCCGCAACGT,0,680.4,0.78,,,,
994,AACACCCCCG,0,653.5,8.95,602,1.07,525,0.5
995,ATCCCCCCCG,0,692.9,20.25,,,,
996,CGGGAAGAAT,0,582.4,0.83,760.3,0.42,,
997,TAACGAGCGC,0,,,,,,
998,TCAACCCCCG,0,638.2,14.86,719.9,1.18,,
999,TCGGCTCCAA,0,,,,,,
1000,TGCCCCTCCG,0,672,26.25,547.1,2.72,,
1001,CCACGTCCCG,0,618.1,0.63,637.1,0.26,,
1002,CCCAGAGAGT,0,673.4,0.23,,,,
1003,GGGCAGGAGA,0,,,,,,
1004,CCAGCCTCCT,0,,,,,,
1005,CCCCCGCATA,0,736.4,2.88,639.1,1.71,708.9,1.09
1006,GATCCGGGAG,0,617.8,2.91,,,,
1007,GCTCGTCGCC,0,612.9,0.44,665.4,0.3,846.7,0.26
1008,GGGGAACAAA,0,781.4,6.27,526.4,0.94,,
1009,TCCAACCCGG,0,641.6,58.16,,,,
1010,AGCCGACAGT,0,683.4,0.35,627.4,0.26,,
1011,ATCCCGTCGT,0,642.3,0.78,,,,
1012,ATCCGGGGGA,0,694.8,0.69,,,,
1013,CAAGACCCCG,0,627.2,1.82,680.8,1.7,,
1014,CCTGCGCAGA,0,641.8,0.89,,,,
1015,GACAGGGGCG,0,647.5,1.9,,,,
1016,TCCCGGTCCC,0,659.6,2.15,702.1,0.42,,
1017,TGCTCGCCCT,0,,,,,,
1018,TTCGCCGCAC,0,625,0.61,,,,
1019,CCGAAACAAC,0,652.6,0.5,,,,
1020,CCGACGGGGT,0,679.4,3.13,755.8,1.6,563.6,0.26
1021,CCGATCCCTT,0,594.5,0.3,417,0.21,,
1022,CCGGTCACGC,0,615.3,0.74,728.2,0.3,,
1023,CGGTCCGGCA,0,673.4,2.07,,,,
1024,CTCGCAGAAC,0,576.9,0.61,,,,
1025,AGGCGGGATA,0,650.1,0.72,,,,
1026,TAGGGCTCCG,0,715.9,3.14,,,,
1027,TCCGCCGTCT,0,665,0.36,,,,
1028,AGCCGAAACT,0,636.4,4.25,723.3,0.66,,
1029,CACAAACCCA,0,649.9,47.28,495,2.9,,
1030,CCGCGAGCAT,0,639.8,1.42,581.6,0.79,,
1031,CGTGGCCCTG,0,635,0.77,,,,
1032,CTCCGCAAGT,0,637.1,0.38,,,,
1033,GACACGGACC,0,676.5,1.62,,,,
1034,GTATCGCCCG,0,560.5,4.93,664.2,2.23,,
1035,TACGACTCCC,0,637.9,0.97,,,,
1036,AATCCCCCCA,0,688.9,30.65,558.1,2.94,612.3,1.2
1037,ATCCCTGGCA,0,701.1,0.69,,,,
1038,CGTCTCCGCG,0,651.6,0.68,526.7,0.4,,
1039,GCAAGGGGCC,0,642.5,3.31,,,,
1040,GCACGTCCCA,0,643.9,1.04,,,,
1041,GGACGACACT,0,526.3,11.73,,,,
1042,GTCCACGAAC,0,540.8,1.5,634.5,0.87,,
1043,ATGCGGAATG,0,696,0.56,663.4,0.35,,
1044,CCAGGCGTCA,0,684.6,1.17,555.4,0.38,,
1045,CCGCCCCTTC,0,667.2,4.47,691.7,1.91,531.1,1.91
1046,CGGGCCAAAC,0,642.4,1.58,,,,
1047,GAGGCCGTCA,0,693,1.85,676,0.58,,
1048,ACAACAGGCC,0,581.4,1.42,631.9,0.76,,
1049,CCACCCCAAT,0,534.1,2.63,677.2,0.59,,
1050,ACAACCGCCT,0,649,2.03,548.4,1.34,708.2,1.02
1051,ACCGACACTA,0,,,,,,
1052,AGAAACCCAC,0,538.1,2.6,608.9,0.95,651.4,0.62
1053,CCGACCAATC,0,575.3,0.56,,,,
1054,TCAAGGCCCA,0,651.2,1.42,,,,
1055,GATCCCCAAA,0,674.3,6.71,598.1,2.9,,
1056,GATCCCCAAC,0,560.3,23.92,622,21.8,,
1057,TGGGACCGAA,0,558.5,1.15,673,0.99,,
1058,AACAGATCCC,0,,,,,,
1059,TTATCCCACC,0,580.8,6.43,,,,
1060,TCCAAGATGC,1,,,,,,
1061,CGACGATGCA,0,561.4,0.41,642.8,0.25,,
1062,CGAGAATGTC,0,563.5,1.2,,,,
1063,AGAGAACGTT,1,,,,,,
1064,TGATCCCTGT,0,525.9,0.59,,,,
1065,GCAAGAGAGA,0,566.2,0.76,,,,
1066,TGGACGAGAA,0,634,0.61,534.3,0.45,,
1067,GAACGGGTCT,0,659.1,0.49,,,,
1068,GGAGAAACAG,0,,,,,,
1069,AACAGAAATG,1,,,,,,
1070,CAAAGAGCGG,0,657.7,2.79,,,,
1071,ATACGGAGAT,1,,,,,,
1072,AACAGAACGC,1,558.5,0.24,,,,
1073,TCGAGAAATG,1,,,,,,
1074,AACAGAGCTT,1,,,,,,
1075,CACCGATGCT,0,556.7,0.68,,,,
1076,TACCGGGTTA,1,,,,,,
1077,AATGACGTAC,1,,,,,,
1078,GGAGGAGAAG,0,667,0.27,,,,
1079,GAGAACTAAT,1,,,,,,
1080,GGAAGAGAAT,1,,,,,,
1081,CGACACGATG,0,631.1,0.6,,,,
1082,ACGATCCCTC,0,564,1.01,663.5,0.78,,
1083,TTTCCACGAC,0,548.5,1.45,,,,
1084,AATCCCTGTC,1,,,,,,
1085,GGAAGAAATT,0,639.3,0.42,,,,
1086,TGTGCAAGAT,0,694,0.94,573.9,0.31,,
1087,GCGCAAGATG,0,730,55.23,,,,
1088,CGGAGAACAG,1,,,,,,
1089,GGAAGAACAG,1,,,,,,
1090,ACCGAACGTC,0,629.8,6.81,,,,
1091,AACCAGAATC,1,,,,,,
1092,AATGGAGAAC,0,521.3,1.22,,,,
1093,CAACGAGAAT,1,,,,,,
1094,GCGTGCACTG,0,589.2,0.6,,,,
1095,ATGCGAGAAC,0,542.6,0.5,606.4,0.23,,
1096,GAGAACGAGA,0,533.6,1,645.4,0.29,,
1097,TGGAGAATTG,1,,,,,,
1098,GAAGAATTGC,1,,,,,,
1099,CACCGGAGAA,0,594,2.47,642.9,1.77,,
1100,CTGCAAGATT,0,656.7,0.95,,,,
1101,AGAGCGAGAA,0,542.9,0.51,,,,
1102,TCCAAGAATG,0,588.4,0.46,,,,
1103,CGCGAGAATA,0,648.3,1.43,566.5,0.72,,
1104,ACGGGTTCAC,0,655.7,1.46,,,,
1105,TGGAGAACCC,0,677.7,2.85,,,,
1106,TCACAAGCCC,0,599.8,3.8,,,,
1107,AGAGCACTGT,1,,,,,,
1108,AACTAACACC,0,636.8,1.07,,,,
1109,GAAGAATTAA,1,,,,,,
1110,ACAAAGAATT,1,,,,,,
1111,ATCCCAACAG,0,543.8,1.62,696.2,0.6,,
1112,CACCGAATGA,0,636,0.91,522.1,0.65,,
1113,GCACGATGCC,0,686.7,4.67,,,,
1114,GACGGGTTTT,1,,,,,,
1115,CCGCAAGAAG,0,659.2,0.49,498.5,0.29,,
1116,TAGGGAGAAT,1,,,,,,
1117,CCAACAGAAT,1,,,,,,
1118,GAAGCAAGAT,0,614.4,1.5,,,,
1119,AGAGAACGAG,0,,,,,,
1120,ATAGGAGAAT,0,640.7,0.66,,,,
1121,GAGGAGAAGA,1,,,,,,
1122,TCCCCTGTCA,0,527.9,1.07,692.3,0.83,,
1123,AAACGGGGTT,0,585.1,4.49,,,,
1124,TAGCCCCTGT,0,561.6,9.27,,,,
1125,GCAAGAACCC,0,647.5,1.03,628,0.63,,
1126,TGCAAGATGT,1,,,,,,
1127,CCTCCCCTCA,0,680.4,4.48,539.5,3.65,,
1128,TGCGGAGATT,0,667.5,0.39,,,,
1129,CGAGAAGAAA,1,,,,,,
1130,TGCACAAGAA,0,556.5,6.89,,,,
1131,AGCAAGATTA,1,,,,,,
1132,CGAAGAATCA,0,542.8,4.36,,,,
1133,GAGATCCCAA,0,656.2,3.26,559.4,1.65,,
1134,TAGCAAGATA,1,,,,,,
1135,AGCACGATGC,0,,,,,,
1136,TGGATCCCAA,0,649.4,1.28,,,,
1137,TACCGAGAAT,0,,,,,,
1138,AACCGGGTTG,0,,,,,,
1139,TGCGAAGAGA,0,659.2,0.49,498.5,0.29,,
1140,CCTCCACGAA,0,538.8,1.42,639.6,0.95,,
1141,CCGCGATGCG,0,648.8,1.24,,,,
1142,GCGTGCAATA,0,532.5,0.28,651.6,0.26,,
1143,GAGCGAGAAT,0,551.9,0.24,,,,
1144,AACTAACAAT,1,,,,,,
1145,ATTCCCCTGT,0,,,,,,
1146,TCGTAGCGTA,0,673.9,2.21,,,,
1147,CAACGGGTTT,1,,,,,,
1148,TTCACGGGTT,1,,,,,,
1149,ACCCGGAGAT,0,565.7,12.07,654.5,7.67,,
1150,CGACAACCGT,0,639.5,0.54,,,,
1151,GGAAGCCCCG,0,663.9,1.99,678.4,0.6,,
1152,TGAGGCGATA,0,653.8,0.3,,,,
1153,AGGAGAAATT,1,,,,,,
1154,CCGCAGAATC,0,614,0.7,644.3,0.62,,
1155,GAGAAGATGT,1,,,,,,
1156,CCAAACTAAT,0,,,,,,
1157,CGAGAAATGA,0,,,,,,
1158,CGCGCAAATT,0,635.4,3.27,,,,
1159,AAACGAACAG,0,,,,,,
1160,TCCCACAGAA,0,525.3,6.06,,,,
1161,TTCCAGAACG,1,470.8,0.29,,,,
1162,GCGCGAGAAG,0,652.5,4.21,525.9,1.84,,
1163,ATGGCGAGAA,0,587.5,0.24,,,,
1164,CGCGAGAAAT,0,662.8,0.33,584.2,0.31,,
1165,AACGAATGCG,0,679.2,0.38,,,,
1166,TTCCCCAATC,0,560.3,3.65,,,,
1167,CGACCAGAAT,0,,,,,,
1168,ACCAACGATG,0,,,,,,
1169,ATCCCAGAAG,0,585.8,5.32,531.5,4.2,,
1170,GAGAAATGAA,0,,,,,,
1171,CCCCACGAAT,0,567.2,18.53,673.5,16.62,,
1172,TGCAAGATTC,0,616.1,1.04,,,,
1173,ATGCAAGAAG,1,,,,,,
1174,GGAGAATCAC,0,502.3,0.78,,,,
1175,GGAGAATTCT,1,408.7,0.34,,,,
1176,CCCCAACAAT,0,579.1,2.17,703.3,0.57,,
1177,ATCCCCCTGC,0,678.9,11.58,540.8,0.41,,
1178,AACGGAGATT,0,538.1,0.42,,,,
1179,CCGCAAGATA,0,608.7,2.32,516.4,0.23,,
1180,GAAGAATCAG,1,,,,,,
1181,AGGGAACTCG,0,659.2,0.7,,,,
1182,TAGTCCCCAA,0,628.4,0.83,546.7,0.32,,
1183,GTGAGAATGT,0,595.5,0.47,413,0.3,,
1184,ATCCCCTGCA,0,688,2.94,555.3,0.38,,
1185,TGCCAGAATT,0,562.1,4.09,,,,
1186,ACGGGTTGTC,1,,,,,,
1187,GTAGCGAGTT,1,662.8,0.33,584.2,0.31,,
1188,GAAGAACGTC,0,,,,,,
1189,TCACGGGTCT,0,532.5,1.85,599.7,0.87,,
1190,GCCAAGAGAT,1,,,,,,
1191,ATGGAGAATC,0,596.4,0.33,,,,
1192,CGACCACTGT,1,,,,,,
1193,AACAGCCCCA,0,650.9,10.89,625.3,7.6,532.7,0.5
1194,CAAAGATGCA,1,,,,,,
1195,GAAGAAAGAA,1,,,,,,
1196,CGACGGGTTA,0,669.3,0.21,,,,
1197,ACGTAGCGTC,0,635.3,3.5,,,,
1198,ACACGAAGAA,1,,,,,,
1199,TACTACACCG,1,,,,,,
1200,GGAGAACACC,1,,,,,,
1201,ACACCAGAAT,0,518.1,0.69,,,,
1202,GCGAGAATTG,0,819.8,1.05,,,,
1203,ACCAAAGAAT,1,,,,,,
1204,GCGACAGAAT,0,676.7,0.43,,,,
1205,TGAACGGAGA,0,612.3,1.06,,,,
1206,GAACGGGTGA,1,,,,,,
1207,CGCGCAATCA,0,583.4,1.67,,,,
1208,CGAGAAGATG,0,517.3,1.24,,,,
1209,ACCAAGAGAA,0,726.3,0.83,529.1,0.76,580.1,0.46
1210,GTAGCGAGAA,0,544.6,0.34,,,,
1211,GAGCGATGCC,0,659.4,1.86,,,,
1212,TCCCAACTGT,0,,,,,,
1213,AACAGAGAAC,1,,,,,,
1214,CGCGCAAGAA,0,640.4,1.66,,,,
1215,GAGACACTGT,1,,,,,,
1216,TCAGAACTCG,0,,,,,,
1217,TGCGAGAAGG,0,731.2,1.66,,,,
1218,TAACGGGAAG,0,606.7,5.39,672.9,2.28,,
1219,CCCAACTCGG,0,566.9,0.68,,,,
1220,GCACGGGTTA,0,633.8,0.72,,,,
1221,GAGCCCCCAA,0,647,22.56,520.6,1.28,,
1222,CCAAAGAATA,0,507.5,0.46,,,,
1223,AGAAGAATTG,1,424.6,0.48,,,,
1224,ATACAACCGA,0,566.7,0.54,,,,
1225,GAGGAGAATT,1,,,,,,
1226,GAAGAACGAG,0,597.5,0.41,736.6,0.2,,
1227,ATACGATGCG,0,,,,,,
1228,GAAGAGAATG,0,,,,,,
1229,GTAGCGATCA,0,641.4,0.62,,,,
1230,CGAGAATGCA,0,567,0.78,,,,
1231,CGAGAATTCG,0,,,,,,
1232,ACGGGAAGAA,0,642.8,1.35,548.6,0.35,,
1233,ACGCGAGAAT,0,566.1,0.93,,,,
1234,CGAGAACTCA,0,587,2.44,,,,
1235,GCCAAGAATT,1,,,,,,
1236,GCACTACCGT,0,773.4,0.35,569.9,0.27,,
1237,CAAAGAACAG,1,,,,,,
1238,GAGAACGTCA,0,,,,,,
1239,CGGAGAGCTT,0,550.2,2.41,639.1,0.9,,
1240,GGCACAGAAT,0,,,,,,
1241,CAAAGAGATG,0,679.6,0.38,642.9,0.37,,
1242,CGACACGAGA,0,636.7,2.23,,,,
1243,TCCAAAGAAG,0,616.8,0.6,567.9,0.43,,
1244,GAACTAACCC,0,685.8,1.33,,,,
1245,ACGGAGAATT,0,,,,,,
1246,GCGAGAAGAA,0,606,0.24,,,,
1247,CCCCGGAGAG,0,660.3,5.2,567.9,2.51,,
1248,GTAGCGAACG,0,688,1.11,669.8,0.99,,
1249,TGCAAGAGAT,0,712.5,0.44,600.1,0.26,,
1250,AGAAGAGATG,1,,,,,,
1251,CGACAAGAAG,0,,,,,,
1252,GGAGAACTGT,0,599.5,0.47,,,,
1253,CCGACGAACG,0,620.2,3.11,694.3,0.62,,
1254,ACGGAGAGAA,0,590.4,2.78,,,,
1255,TGTGGAGAAG,1,,,,,,
1256,CCGACACAAA,0,636,1.19,532,0.22,,
1257,GAGAACAATT,1,,,,,,
1258,ATGCGATGCA,0,652.4,0.66,,,,
1259,AACTAACTCG,0,,,,,,
1260,CCAAGAACGC,0,638.5,1.13,,,,
1261,GCGTGCATGG,0,676.4,1.18,,,,
1262,CGCGTGCAAT,0,680.8,0.33,,,,
1263,GCAAGATGTT,0,778.9,0.48,,,,
1264,TCAGAACTGA,1,,,,,,
1265,GCCAAGAACG,0,,,,,,
1266,ATCCCCTGTC,0,713.9,1.51,567.1,0.35,,
1267,CGGGAAGTGT,1,,,,,,
1268,GCACGGAGAA,0,636.9,0.34,,,,
1269,GCCACGATGC,0,641.7,2.23,,,,
1270,GAACCGATGC,0,652.5,0.49,,,,
1271,GGAGAAATGG,0,,,,,,
1272,AACGAACCGT,1,,,,,,
1273,ATCCCAAGAA,0,552.2,3.57,690,1.14,,
1274,CGAGAACTAG,0,,,,,,
1275,TGACGGGTTC,1,,,,,,
1276,CCGACAGAAC,0,642.3,0.2,,,,
1277,TCGAGAACAG,1,,,,,,
1278,CCGAGAAATT,1,,,,,,
1279,GCAAGAGAAG,0,591.4,1.77,,,,
1280,CCTCAAGAAT,1,,,,,,
1281,CCACGACACC,0,626.6,0.21,,,,
1282,CGCGGAGAAA,0,675,3.16,715.7,0.38,,
1283,CGGGGAAGAA,0,690.3,1.46,,,,
1284,ATCCCCACTT,0,583.6,1.29,,,,
1285,ATCCCCACCA,0,552.8,9.27,682.1,2.09,,
1286,CCCTCCCCTG,0,692.2,5.28,549.8,0.88,,
1287,AACGCCCCCA,0,659.5,2.3,530.8,1.85,,
1288,CGGGAGAATC,0,580.5,7.87,620.8,6.16,,
1289,TAGCAAGAAT,1,,,,,,
1290,ATACGAGAAG,0,602.8,31.33,,,,
1291,TGAGCGATGT,0,608.8,0.45,,,,
1292,GTAGCGACCC,0,638.7,0.73,,,,
1293,CTTCCCACTG,1,,,,,,
1294,TCCCGAGAAG,0,636.5,14.65,584.5,4.27,676.3,1.95
1295,GCCAAGAAGA,0,,,,,,
1296,GATGGAGAAT,0,,,,,,
1297,GAAGAATCCT,1,,,,,,
1298,GCGCGATGCA,0,633.8,1.08,693.5,0.36,,
1299,TAGGAGAATA,0,,,,,,
1300,TCACCGATGA,0,612.9,0.66,527.2,0.35,,
1301,GCGCAAGAAT,0,745.3,0.3,,,,
1302,AACCGAGAAG,0,591.4,10.86,639.3,7.8,,
1303,CCAACTAACG,0,679.6,0.76,,,,
1304,GAAGCCCCGA,0,631.1,3.47,681.1,2.25,540.7,0.38
1305,ATGGAAGAGA,0,,,,,,
1306,AGCACGAACG,0,523.9,0.94,,,,
1307,CAAAGAGCTT,1,,,,,,
1308,TTCCCCTCGT,0,686.4,0.32,,,,
1309,AGAGCCCCCA,0,644.3,18.59,521.1,1.7,,
1310,GAAGCCCCAC,0,643.3,9.68,527.8,0.62,,
1311,CCACGAGAGA,0,525.6,0.86,615.4,0.22,,
1312,CCGCGAATGA,0,639.4,7.78,523.9,1.46,,
1313,CGAGAATCAG,0,551.6,5.22,,,,
1314,CGACCAAGAA,0,641.7,0.54,,,,
1315,ATGGGAGAAG,0,,,,,,
1316,CGGAGAAAAT,0,596.2,0.49,,,,
1317,GCAAGATCCT,0,663.9,0.24,,,,
1318,GAGCGAATGC,0,626.9,0.73,,,,
1319,GAGGGAGAAG,0,,,,,,
1320,TTCCCCAAAG,0,,,,,,
1321,ACACCGATGC,0,,,,,,
1322,CGCCAAGAAT,0,646.3,0.45,,,,
1323,CAAAGCCCCA,0,637.7,7.19,524.8,1.61,,
1324,GACCGAAGAA,1,,,,,,
1325,TCCCACGATA,0,641.9,17.45,,,,
1326,CCCGGAGAAG,0,720.3,119.58,,,,
1327,CCGCGCAATA,0,683,1.71,,,,
1328,GAGAAGCCCC,0,686.9,12.47,593.5,1.09,,
1329,CCGCGAGAAC,0,611.8,1.07,563.2,0.86,,
1330,TAGGCAAGAA,1,,,,,,
1331,TTCCCACTGA,0,666.3,1.24,550.4,0.27,,
1332,GAAGCCCCCG,0,656.8,16.28,587,2.01,516.8,1.61
1333,GCAAGATGCA,0,578.8,0.36,,,,
1334,AACGGAGAGA,0,590.9,15.52,564.1,10.25,,
1335,GGCAAGATGC,0,641.2,1.3,,,,
1336,ACCGAAGAGA,0,667.7,0.56,584,0.44,,
1337,AACGGGTGCA,0,619.9,0.27,,,,
1338,GAGCGAACAG,0,,,,,,
1339,GCACGAACAG,0,543.2,0.64,,,,
1340,GTAGCGGAGA,0,621.1,0.85,506.6,0.51,,
1341,AGAAGAGAGA,0,,,,,,
1342,GAAGAAATGT,0,599.8,0.7,,,,
1343,GGAGAACCGC,0,640.4,1.02,,,,
1344,TGGAGAAATA,1,,,,,,
1345,GAGAGCACTG,0,,,,,,
1346,GAAGAGATGC,0,,,,,,
1347,AACGGGTCTT,1,,,,,,
1348,TGCGGAGAAC,0,698.4,0.34,,,,
1349,TAACGGAGAA,0,,,,,,
1350,CGCACACTGT,0,594.8,0.42,,,,
1351,GCAAGAGTCT,1,,,,,,
1352,CCGAGAATCA,0,532.3,1.43,574.3,1.32,,
1353,GGAGAAGATA,0,503.3,0.21,,,,
1354,GCCAGAATAG,0,489.6,0.39,,,,
1355,CGAGAACGTA,0,596.4,0.29,,,,
1356,CGCCAGAATG,0,,,,,,
1357,ACGACCAATG,0,,,,,,
1358,TGGACGGGTT,1,,,,,,
1359,ACGGAGAAGA,0,,,,,,
1360,TTCCCAACGA,0,701.7,2.41,,,,
1361,CGTATCCCAA,0,675.7,5.84,617.7,1.83,539.3,0.58
1362,TTCCCACGAT,0,542.6,0.68,,,,
1363,TGGAAGAACG,0,,,,,,
1364,GGAGAAGAAT,0,,,,,,
1365,CCAAGAATTC,0,550.9,0.33,,,,
1366,CGCGCAGAAG,0,647.9,1.54,,,,
1367,TCGACAGAAG,0,559.1,1.65,,,,
1368,GCCAACTAAT,0,661.4,41.58,,,,
1369,ACCGGAGATG,0,696.6,0.32,,,,
1370,GCGCGCAATT,0,703.6,2.72,,,,
1371,CCAAGAATAG,1,,,,,,
1372,TCACGAGAAC,0,580.2,0.29,,,,
1373,GAGAAAGAAT,1,422.3,0.47,,,,
1374,TATCCCAATT,0,,,,,,
1375,GGAGAACTTA,0,,,,,,
1376,TATCCCCATG,0,580.2,1.21,668.9,0.4,,
1377,AATACGGGTT,0,577,2.26,697.4,0.71,,
1378,GGAGAAGTTC,1,596.4,0.29,,,,
1379,CAACGAATGC,0,593.7,0.33,,,,
1380,CACCTAGCGA,0,731.4,23.23,596.3,1.34,,
1381,TCGACACTGC,0,,,,,,
1382,GCACAAGCCA,0,,,,,,
1383,CGGGAGAACG,0,653.9,0.86,,,,
1384,CGAGAATAGT,0,526.1,0.43,,,,
1385,AATCCCAATA,0,543,1.05,,,,
1386,TTCCCACCAA,0,717.8,8.21,560.2,2.02,,
1387,AATGCAAGAA,0,,,,,,
1388,GAATGACGTA,1,,,,,,
1389,AACAGGAGAA,1,,,,,,
1390,GCAAGAGCTT,0,735.7,7.06,,,,
1391,AACTAACGAG,0,727.6,2.02,,,,
1392,TGCAAGATAG,1,,,,,,
1393,GAGAACACCG,0,626.8,0.37,542.7,0.33,,
1394,CCGAGAATGC,0,649.1,1.47,,,,
1395,ATCCCAAATC,0,584.1,4.91,686.7,3.82,,
1396,GAACGTGCGG,0,711.3,1.02,,,,
1397,ACACGAACCG,0,,,,,,
1398,GCGTGACGTC,0,664,0.31,,,,
1399,CCGACACTGG,0,,,,,,
1400,AATTCCCCAC,0,612.3,1.46,676.1,0.25,,
1401,CATCCCTGTT,0,636.7,1.46,527.5,1.1,,
1402,TCCCGAACAG,0,681.5,3.65,,,,
1403,GTAGCGACTG,0,634.6,0.34,,,,
1404,CCAAGAGAAC,0,,,,,,
1405,GCAAGAAATG,1,,,,,,
1406,TGGGAACGAG,1,,,,,,
1407,GCAAGAGCGG,0,561.6,1.83,,,,
1408,AATTCCCACG,0,687.8,0.28,,,,
1409,GGCAAGATTT,1,,,,,,
1410,CCCAGAACGA,0,636.5,2.54,532,1.65,,
1411,ACCCGATGCA,0,628.6,5.14,,,,
1412,CGCGCAATGT,0,677.3,2.52,,,,
1413,ACCCAGAATA,0,561.6,1.42,,,,
1414,CCAACGAGAA,0,612.3,0.53,,,,
1415,ATCACGAGAA,0,,,,,,
1416,CGTAGCGTCA,0,600.7,1.12,676.8,0.53,,
1417,CGAGCGATGC,0,593.3,2.4,657.1,1.42,,
1418,ATCCCAATCA,0,561.3,2.05,,,,
1419,GGGAGAAGTT,1,,,,,,
1420,GGGAGAAATG,0,531,1.4,716,0.23,,
1421,TCCCGGAGAA,0,668,3.06,618.4,2.14,,
1422,TGCGACACCA,0,634.4,0.87,667.2,0.81,,
1423,AAATCCCCAA,0,580.6,2.45,704.3,0.69,,
1424,AACAGAATCA,1,,,,,,
1425,TCAGCAAGAC,0,579.9,0.91,518.7,0.4,,
1426,TCGACGATCA,0,,,,,,
1427,ACGGGTTTCG,0,,,,,,
1428,ACCGAGAAAT,0,698.6,0.51,,,,
1429,TCGCGCAATG,0,701.5,20.6,627.3,7.17,,
1430,CCGACACCGT,0,572.1,0.26,,,,
1431,GGAGAATAGA,0,628.4,0.68,,,,
1432,ATCCCAACGC,0,628.4,4.87,,,,
