Sequence,Dark,Peak1,Peak1_area,Peak2,Peak2_area,Peak3,Peak3_area
GGATCTGTCA,0,633.1,0.51,,,,
AAATGACGTC,0,556,1.63,,,,
ACCCAGTTTA,1,546.5,0.25,,,,
GGGGTAATGT,0,509.9,0.58,,,,
TTAACCAGAA,0,,,,,,
TACCAATGGG,0,663.4,1.2,,,,
GTTAACAAGA,1,,,,,,
TTGGGCCTGG,1,,,,,,
GCATCGGTCC,0,555.3,0.57,,,,
CCATGGTGAC,0,646.8,0.52,,,,
AAAGCAAGAG,0,,,,,,
GCGAGTTCTG,0,554.4,0.53,,,,
GGACGCGTAT,0,620.1,1.69,,,,
GTCCTCTATG,1,,,,,,
CCTCTATGCA,0,639.5,0.4,524,0.24,,
TGACTAAGAG,0,,,,,,
GCGACAGTTG,0,,,,,,
TTGCTTGGCT,1,,,,,,
GAAGTTCATG,0,634.5,0.43,555.7,0.31,,
AAAGAGCAAG,0,,,,,,
TGGGCAGACT,0,645.7,0.51,,,,
ATTCAGCTTC,1,,,,,,
TTTCCAAACT,0,,,,,,
GAAAGGTGCG,0,589.9,36.21,,,,
AGCTTCGGAA,0,560,1.16,643.9,0.23,,
GACGGCGGTA,0,641.5,0.59,,,,
ATACCATGCT,0,578.2,0.6,,,,
CATGAGGTAA,0,,,,,,
ATAATCCCTG,0,525.4,20.56,553.6,5.39,,
GCGGTATCTG,0,628.4,0.79,,,,
CACTCTCAGC,1,,,,,,
CTCCTTGGCG,0,658.9,1.57,733.1,0.81,,
TATCCCACTC,0,534,0.9,,,,
CAAGACTTAT,0,620.2,0.77,,,,
GTGGTCCCAT,0,630.2,0.33,,,,
ACTGTTTGCA,1,543.6,0.25,,,,
GCAATACACA,0,,,,,,
GCCGCTACAA,0,598.8,5.34,536.3,3.24,,
ACGACATCAG,0,540.8,0.58,639,0.27,,
TGAAGAAGTG,0,593.5,0.88,,,,
GTCCAGTGTG,1,,,,,,
ACAATGAAGG,0,680.3,0.51,,,,
GCATGGAAAT,0,567.6,0.47,,,,
TGCGGCGGTT,0,641.8,0.75,,,,
TTCGGAAGCA,0,523.4,0.47,,,,
TACTTTGAGG,1,,,,,,
CGGGGGGGTC,0,667,0.98,,,,
GCCACCTCGA,0,633.3,2.98,559.2,0.79,694.2,0.48
GCCAGTCCCG,0,702.3,10.13,652.3,3.14,529.2,0.7
GCATGTGAGA,1,,,,,,
TGCCTTTATA,1,,,,,,
TATTTCGGCG,0,709.5,0.26,,,,
TGATTCAAGT,1,638.6,0.21,,,,
GGGGGTTAAA,0,677.8,3.22,831.3,0.84,,
TGCCGCGTCA,0,628.7,0.28,,,,
GAAGTGTAAT,1,,,,,,
ATAAGCTTAG,1,,,,,,
GCCTCGAGAT,0,622.9,2.18,,,,
CCATTTTCGG,1,,,,,,
CTATGCATGA,0,567.8,0.56,,,,
ACAACTAAGT,0,787.5,0.3,522,0.25,,
AGCACTGACT,0,492,4.89,,,,
GCTCGCCGGG,0,627.5,2.69,667.3,1.04,,
GGGAAACGTT,1,,,,,,
ATTAAGGCCG,0,642.7,0.66,,,,
TTGACTAAGC,1,,,,,,
TTGATGCACG,1,,,,,,
TACGTAAGGT,1,,,,,,
GGTCCGACAT,0,621,0.53,620.8,0.29,,
GTAGCGATGC,0,544.2,4.57,627.8,0.96,,
ACCGCGACCG,0,627.6,3.3,697.4,0.27,,
GGGTCATATC,0,,,,,,
CTCCCTTACG,0,627.2,0.41,513.6,0.36,,
GGTGCCTTCG,0,636.9,0.44,716.7,0.22,,
GTCAAAGTGC,0,718.4,0.37,668.7,0.34,,
TCGATACAAT,1,,,,,,
GAAACCTAAA,0,537.3,0.64,,,,
CGAATAAGGG,0,620.4,0.5,801.8,0.24,,
CGGTTAATTT,1,,,,,,
TTTTCCGTTC,1,,,,,,
TCGACACCGA,0,542.7,9.5,,,,
AGTCACCACT,0,,,,,,
AGTAACACGC,0,514.6,0.57,,,,
GATGTGAACA,0,610.4,0.24,,,,
TCCTGACTTC,1,,,,,,
CTCTACATAA,0,539.2,0.83,,,,
GGTTTAGCCT,1,,,,,,
TCCGGCGTCT,0,652.6,0.68,552.8,0.25,,
CTCATAGACC,0,650.1,4.47,761.7,0.31,,
CTCTCATCTC,0,,,,,,
GCTCAGAATG,0,562.2,1.21,638.7,0.35,,
CATGCACCAG,0,585.1,0.57,,,,
CTTTTGCTAC,1,,,,,,
TGAGATAATG,1,,,,,,
TAAGCGAATC,0,582.8,0.53,,,,
AAGGGAATAA,0,,,,,,
GGTACATACT,0,,,,,,
ACACACTTCA,1,,,,,,
CTAGGTCCTA,0,531.5,1.03,,,,
ATCCCACGAG,0,652.1,1.07,547.6,0.84,,
GTTGCCCATT,0,580.5,0.8,,,,
TCCAATTTGT,1,539.3,0.34,,,,
ATTACACCAG,0,,,,,,
GCATTTGGGT,1,,,,,,
ACTGTTCGGA,1,,,,,,
AACGCACATT,0,705.9,0.4,615.5,0.2,,
ACTTCGCTGG,1,,,,,,
GTGACCTACG,0,530.3,0.42,,,,
CGAAGCGCGG,0,695,2.17,635.3,0.99,,
GTACGTTGGG,0,647.4,0.37,,,,
CAGGTCCTGG,0,,,,,,
GACGGGCGTG,0,610.1,0.81,673.3,0.42,,
ACTCGTAGCC,0,703.5,0.27,,,,
GTTAATGTCT,1,,,,,,
TAGATCGGGA,0,650.9,1.15,,,,
TTTCGTCTCC,0,618.9,0.51,,,,
GGGACTCTCA,0,694.9,2.52,,,,
CGCCGAGGCT,0,630.1,2.55,,,,
TCCGCTCAGT,1,,,,,,
ATAGCTCACC,0,703.4,1.11,644.3,0.62,563.1,0.51
AACATCTGTA,1,,,,,,
CCGCGCAAAT,0,569.3,8.07,,,,
CTAGGAAAGT,0,,,,,,
GCGGGAGCGG,0,631.4,1.15,,,,
CTGACTAAGT,0,,,,,,
GTATCCTCGC,0,730.7,1.59,,,,
TGCGAAGTAT,1,,,,,,
CAATCCGTGA,0,542,0.81,,,,
TGACAAGGTA,0,639.6,0.25,,,,
AATAGACTGG,1,,,,,,
GGGCGAACAT,0,678.4,2.26,,,,
CCGCAGCTGG,0,638.2,7.8,552.2,0.5,,
TAAGGTGAAA,1,,,,,,
AAGATGTTCT,1,,,,,,
TGTGAAGGAC,1,534.1,0.28,,,,
GACCCTAAAG,0,633.5,0.6,550.4,0.34,,
ACCGCAAATA,0,631,0.6,,,,
TCGCCGGCGC,0,665.4,1.35,562.7,0.29,,
CCAAGCCCAG,0,621.8,13.33,,,,
GCGCCAGTCC,0,631.8,1.15,,,,
GCCTAGAAGG,0,556.9,0.47,,,,
AAGCACTCAC,1,,,,,,
ACGGGCGAGG,0,552.8,0.35,675.9,0.33,,
GTCGCGGGAA,0,647.8,0.6,,,,
GGTATTGACC,1,,,,,,
AGTGCCGATC,0,664.2,0.38,,,,
TAGTGTTTCT,0,692.3,0.57,,,,
GAGACCTTGT,1,,,,,,
GAATATTTCC,1,,,,,,
TGGTCTTGAG,1,,,,,,
GAGCGCACGG,0,607.9,0.38,,,,
AACCATTCGC,0,555.3,0.86,666.2,0.24,,
TGCATACTCC,0,576.2,0.44,632.6,0.22,,
TAGCCACCAA,0,637.7,0.67,528.5,0.31,,
TAATTCGCAA,0,544.5,1.51,,,,
TTGGCTCCCG,0,713.1,0.8,638.1,0.76,,
GAGCGTTATC,0,,,,,,
GTCCCTGCGA,0,642.4,0.58,,,,
CGGGCACTGG,0,647.6,1.88,,,,
GGTATAGGTC,0,685.3,0.64,,,,
CAGCAGTTAG,1,,,,,,
GGCCCGGACA,0,670.6,2.41,552.4,1.8,,
CCCATGCCCG,0,619.8,1.6,538.3,0.3,,
CCCAGGACTT,0,681.5,21.47,,,,
TTAACAAGCC,0,545.5,0.82,,,,
TAATAGGATT,1,,,,,,
AGCGACATAT,0,641.4,0.37,538.3,0.24,,
TGTTTATGTC,1,,,,,,
GACACTGCAG,1,,,,,,
ACCTTGGCGT,0,630.4,0.22,,,,
CCGAGCTCGT,0,611.6,4.65,683.1,0.74,,
GTACGGGTAA,0,542.5,0.69,,,,
TCTCCGACCA,0,,,,,,
AACCTTTCTA,0,582.3,0.39,,,,
TCTCTACTCG,0,633.4,4.74,,,,
ACGTATTCGA,1,,,,,,
ACGGACTGCA,0,637.8,0.8,,,,
AATGGAGGGA,0,653,3.44,567.6,1.53,523,0.89
GTGTCCTGGA,1,,,,,,
TTGGGATCAA,1,545.9,0.31,,,,
TCTCACGTCT,1,,,,,,
GACTGCGACC,0,642.9,3.46,665.8,1.83,,
TGACTCACGC,0,623.5,2.65,545.7,1.84,,
CCAGGCAACT,0,648.7,2.16,,,,
CGAGCTAGCG,0,620.2,0.32,,,,
GGACTATCTC,0,638.6,1.87,,,,
CGCAGGCAAT,0,528.1,0.83,629.4,0.25,,
TGCTATCCGT,0,527.2,1.48,,,,
AAGGAATTCG,0,661.2,0.28,576.7,0.28,,
TATCTGAGGC,0,,,,,,
TCACAAGAAT,0,556.8,2.43,,,,
CGGCACTTAC,0,509.9,3.32,610.5,0.49,,
CAGATGGGTT,1,,,,,,
CGTTAAATAC,1,,,,,,
CGAGAAAGAG,0,507.1,2.47,,,,
ACCGGACACA,0,641.5,5.77,,,,
TTTACAATCC,1,544.5,0.21,,,,
GGGAGCGTAA,0,510.1,0.49,657.6,0.48,,
TCTGGGGTCA,0,707.9,0.46,,,,
AGTTTCCCCA,0,559.7,1.01,,,,
AACTAACCTA,0,555.9,1.57,,,,
AGCGAAAAAT,1,607.7,0.23,,,,
TCCCCTCCTG,0,573.2,0.26,,,,
CCAAGACCGT,1,,,,,,
GACATACGTG,0,636.8,0.39,,,,
TTAGGTCCTC,0,547.1,0.74,,,,
CCTTCACGCT,1,,,,,,
TTCGGCGTCT,0,550,0.24,,,,
GTACCTGGAG,0,,,,,,
CAGATTGGTA,0,578.5,0.24,,,,
CCTAGTCCTC,1,518.2,0.33,,,,
TAGGTGAAAG,1,,,,,,
AGGACAACTG,1,,,,,,
GTGACCAACG,0,610.9,0.55,,,,
CGGCCTCTAG,0,627.7,1.71,545.1,0.32,691.7,0.32
CGTCAGCGTT,0,665.6,0.3,,,,
CGTACTTGGC,0,637.6,0.74,,,,
GATCAAAGGC,0,564.7,0.34,,,,
CCCACGCAAA,0,629.8,3.27,715.7,0.26,,
CCCCGATATC,0,697.3,1.34,637.9,0.75,544.8,0.49
ATCATCGCCT,0,590.3,0.99,,,,
TCGTTCAAGG,1,,,,,,
GCGGTGAAGC,0,665.9,0.45,,,,
TCTCGGGTTA,0,566.6,0.69,657.2,0.45,,
CGGATCAAGC,0,546.8,0.39,,,,
CTAACTGCTG,1,,,,,,
CTCTAAAGAG,0,553.4,0.58,,,,
AATACATGGC,1,,,,,,
AACATGGCTC,0,530.3,1.74,622.2,0.29,,
TCCAGGCTAG,0,632.6,1.6,692.5,0.56,,
TCCGTTGTAT,1,,,,,,
TCGTACAGCT,1,,,,,,
CGAACGGGTC,0,606.1,3.33,678.7,0.41,,
GGGCGCTACA,0,642.5,0.53,543.4,0.28,,
TAAAGCGGGG,0,642.8,0.84,532.8,0.58,,
GCCGCTCTAC,0,613.2,1.16,,,,
GCTTGCTCTA,1,,,,,,
CATACAGATA,0,541.3,0.32,640.8,0.27,,
GTCAGAGTGT,0,536.9,0.59,409.1,0.39,,
CGCACTGTTT,0,587.2,0.34,631.5,0.26,,
CGGCAGTAAG,0,633,0.24,,,,
ACAGAAAAAG,1,,,,,,
TCCCAATTTC,0,641.8,0.39,,,,
AAAGCTCCTT,0,507.5,0.34,,,,
CACGGGCAGA,0,639.8,3.11,,,,
GGGTTCTTAG,0,668.3,17.53,,,,
AGAACATTCG,1,523,0.42,,,,
TGAGTATGCA,1,,,,,,
TGAAGGGTCG,0,549.9,0.27,,,,
ACGAGCGCTC,0,,,,,,
CCTACGGCGT,0,682.8,0.68,,,,
TGCATGGCCT,1,,,,,,
GTGGTACATG,1,,,,,,
GGGTCCGTCT,0,719,1.04,603.4,0.55,,
AGGCGTGCTG,0,651.8,3.22,,,,
GACGACTAGA,0,631,0.23,,,,
GAGAGGTGCG,0,657.6,0.34,,,,
GTAGCCTATA,1,,,,,,
GCAAGCGGGA,0,651.3,3.41,543,0.68,,
ATCTCCTACT,0,549.5,0.76,,,,
GCTACACAGT,1,529.7,0.22,,,,
TATCCGGCAC,0,577.7,0.44,650.7,0.35,,
TTTGATCCTC,1,428.8,0.42,,,,
TTCTCCCCTG,0,518.2,2.66,699.6,0.64,,
TCACTAGTTT,1,,,,,,
GGGGAATACA,0,676.8,1.96,772.7,1.5,584.5,1.25
TTAGCATTGG,1,,,,,,
GCGGAGTAAG,0,647.1,0.38,,,,
TTTACCATCG,1,,,,,,
AAAGATACGG,0,616.8,0.24,,,,
CTCTCCGAAC,0,667.7,2.6,606.6,0.45,,
GGGCGGTACT,0,639.3,1.68,,,,
ACACCGTTAA,0,546.8,0.86,,,,
TTTAGGAGCC,0,,,,,,
CCACCTTTTC,0,547.2,71.22,,,,
AAGTGGCGTC,0,631.1,1.28,,,,
ACAAGACCTT,0,536,0.22,,,,
TATGAGCCTC,0,508.3,1.1,638.6,0.23,,
AGTTAGCAAT,1,,,,,,
GAAGGACCCT,0,550,0.4,,,,
GTACTACACA,0,527.7,2.58,655.6,0.79,,
ACAACCTAGA,0,516.1,0.71,,,,
GGCAGCGTCG,0,612.1,2.18,555.4,0.52,,
ATCGTTCATT,1,,,,,,
ACGTGCACTA,0,532.5,9.89,629.1,2.57,,
CCCCAGTTAC,0,661,0.38,541,0.21,,
CGCTGCAATC,0,605.8,0.31,,,,
CGGATAAAGC,0,571.8,0.72,,,,
GCCCGTTTCG,0,633.8,0.32,,,,
AGGGAAAGAG,0,487.6,56.95,529.2,27.39,,
GTAACCTGCA,1,,,,,,
TTGCAGGAAT,1,549.7,0.21,,,,
AGTACTCGGC,0,492.4,0.23,,,,
CGGGCGGCTA,0,629.7,1.26,532.8,0.28,,
CGACTGGCGA,0,655.1,7.37,,,,
ATTGGACCGC,0,652.3,0.51,,,,
ATGTCGATAC,1,,,,,,
GATCGCTGTA,1,,,,,,
GAGCCTCAGC,0,638.9,1.21,,,,
GAACTAAATG,1,,,,,,
CAATTCGGGG,0,,,,,,
CACTCCACGG,0,594,1.98,,,,
CTTCTGGATT,1,,,,,,
CGCCCTATCC,0,618.4,9.78,685.7,0.78,,
TTGGCAGCAA,0,531.8,1.13,,,,
CGCGCGACCA,0,543.9,3.71,648.1,0.69,,
CTTACATCTA,0,506.4,0.68,,,,
ATTAACGAGT,1,,,,,,
GGTGTTTCGC,1,,,,,,
ATGACAGAAG,1,,,,,,
CTGCGTGTCT,0,553,1.04,,,,
TGCAGCGAAT,1,,,,,,
TGGCGGCACT,0,619.8,10.27,746.4,2.58,,
AGGCGAACAG,0,518.7,3.86,,,,
ACGTCAACGT,0,697,32.68,,,,
CATGATCGCT,0,549.8,0.79,,,,
GGAATCCGCC,0,660.2,2.61,532.8,0.83,766.2,0.25
CCTCGTTTTT,1,,,,,,
GTATGGTTGG,1,,,,,,
CTGATGACCT,0,528.2,0.68,,,,
GGCGTCTCAG,0,687.6,1.18,,,,
TCCAGCCCGC,0,682.2,9.8,619.1,1.75,558.2,0.85
TTACTGGGTC,1,,,,,,
CTTGGCTTTG,1,,,,,,
TGCCCTGTCG,0,636,3.8,,,,
CTAATATCGG,0,551.5,0.94,,,,
TTGGAACCTA,0,536.9,0.6,623.2,0.27,,
GGGATTTACC,0,685.2,1.1,809.4,0.79,,
CACCCCCAGT,0,611,8.07,,,,
GCACTTCTTT,0,595.7,1.57,,,,
TTCAAAAGCA,1,553.2,0.21,,,,
GTCCATTTAT,1,,,,,,
GTACGTCCTT,0,642.5,0.23,,,,
TATCTATCCA,0,541.7,2.17,,,,
CGTCCGTGTT,0,643.1,3.16,,,,
AACTCGCAAA,0,645.2,3.78,522.7,0.68,768.6,0.38
AGGATAGGAA,0,536.1,1.76,,,,
ATGGGGAAAC,0,695.7,6.51,638.4,4.7,,
TAAAGCGGTA,0,649.9,1.66,,,,
AACAACCGAA,0,646.1,33.04,569.8,12.21,,
AGAAGATCCA,0,584.1,1.24,,,,
CGTTCGGATC,0,545.5,0.6,638,0.21,,
GCTCGTCTAT,0,662.1,3.15,,,,
TGAGATATCG,0,,,,,,
GGCGATTGCT,0,616.2,0.96,,,,
AGTGGCTAGT,0,,,,,,
GGAATCGACA,0,552.9,0.53,708,0.41,,
CACGGCATGG,0,683.8,3.76,,,,
TTGATCTAAG,1,,,,,,
GCTGTATTAA,0,564.7,0.41,,,,
AATCGTGGCG,0,646.4,0.69,,,,
GCCTACGCAA,0,533.6,3.1,634.5,1.81,,
ACCTTTATGA,0,,,,,,
ATCGCTGTCA,0,559.1,13.5,,,,
TCCACGAGAA,0,532.8,47.06,558.2,15.05,,
GCCGACCTAT,0,640.7,39.35,510.7,0.7,,
TGTTTGCGTG,1,,,,,,
GTCAACCGCT,0,601,9.59,,,,
CACTTCCGTG,0,602.4,0.94,,,,
GGACAGAACG,0,667.4,4.2,536.1,2.38,,
CAAGATCGCG,0,650.7,2.14,734.1,0.28,,
TTGATTGTCA,1,,,,,,
TCTCATCTTT,1,538.9,0.26,,,,
TTCCCGCCGA,0,558.2,0.46,,,,
TGAGGCGAAG,0,534.2,2.28,642.3,0.23,,
CAACTAGTTA,1,,,,,,
CCGTCCATTA,1,,,,,,
TAACCGCGAG,0,629.1,1.93,690,0.6,,
TACAGACGTC,0,615,2.32,535.6,0.64,,
ACTGCCCCGA,0,645,7.29,,,,
CGCGGAGGAT,0,635.8,1.77,,,,
CCTAGATACT,1,,,,,,
GCTGGATATT,1,,,,,,
TACAGAGCCG,0,546.9,1.13,640.6,0.74,,
ATCACAGGGC,0,642.1,7.41,544,0.42,,
ATCCCCAAAC,0,562.4,85.2,684.3,26.52,,
TACTGTAGGG,1,,,,,,
GCTACAAATA,0,548.7,0.77,,,,
ACACCCGTCT,0,632.5,0.39,,,,
TAAACTGAAC,1,,,,,,
AGAGTCCAAC,0,482.5,19.2,,,,
GACAAGTGCA,0,541.5,0.86,,,,
ACCTCGGAAA,0,686,6.42,590.1,2.74,,
GGGGCCAGGC,0,641,0.64,,,,
GCAGACCAGT,0,550.4,0.36,,,,
CCTACACTGT,0,541.5,1.98,,,,
ATCCTTAATG,1,,,,,,
GAGTTAAGAT,1,,,,,,
TTGCCGTGCC,0,660.5,0.34,,,,
AGCCAACTGG,0,673.7,2.26,588.9,0.3,,
GTTTAGCGAT,1,,,,,,
TTACGACCCA,0,629.8,37.13,684.6,8.87,,
GGTTAACACT,1,,,,,,
CATAGATGTC,0,553.8,0.45,,,,
GCTCTTGAGA,0,633.6,1.38,549.3,0.32,,
ACGTATTTCC,1,,,,,,
TCTACTCTCA,0,,,,,,
CAACCTGCAG,0,530.4,0.49,,,,
TGGGTCAGGA,1,557.2,0.37,,,,
GGACAGCTCT,0,662.9,3.01,538,0.82,748.3,0.8
CTATACGAAG,0,549.4,0.36,,,,
TAAGCAAGAG,0,535,4.78,,,,
AAAGAAACAC,0,,,,,,
ATCATGTACC,1,,,,,,
TCGTGCCGGT,0,566.4,0.23,,,,
TTTGGGAGGG,1,,,,,,
AGCAGCCGGT,0,589.3,2.12,507.1,0.33,,
AGTACCACAG,0,497.6,0.6,,,,
CTCGTCCGCT,0,603.1,0.67,,,,
GTCTCGAGTT,0,538.1,0.42,,,,
CGGGTGTGGC,1,,,,,,
GGACTTCAGG,1,,,,,,
GGACGGCTCA,0,632.1,1.47,,,,
TTCAAATAGC,0,577.7,0.93,,,,
AACAGAAACC,0,547.6,0.55,,,,
TCCTATCGGG,1,,,,,,
CTCAGATTTA,0,516.6,0.81,,,,
AGACCACTCT,0,543.1,0.45,,,,
ACCTGGACCG,0,681.8,5.63,571.8,0.24,,
GCAAGATTGA,0,537,2.31,,,,
TCTATACAAC,1,,,,,,
AACACGATTG,0,556.8,0.55,,,,
CCTATTAAAC,1,,,,,,
CATACTAAGT,1,,,,,,
TTCTTGAAGT,1,,,,,,
TAAGGCCCCA,0,628.5,2.59,562,1.15,,
CTGGACTACG,0,647,2.72,539.5,0.31,,
ATGTAGTGTC,1,,,,,,
GTCCTTCATC,1,554.1,0.24,,,,
CGAACGGGTT,0,544.5,1.74,609.9,0.49,,
GCGGAGCCAA,0,,,,,,
CTAGGGCCCT,0,619.6,64.15,,,,
CAGTGCGTCT,1,,,,,,
CGGGGGGAGC,0,675.1,2.38,,,,
GTCGACGCCC,0,619.5,3.47,,,,
GCCAACTCGT,0,501.1,9,671.8,5.79,,
GGAAGGCAGC,0,645.4,0.49,,,,
TTTAGCGATA,1,,,,,,
CCTGGCTAGC,0,699.2,32.78,,,,
CACCCTTAGA,0,612.6,0.89,,,,
CGTTGGTACA,1,,,,,,
AGATTGGTAT,0,539.8,0.84,,,,
ACCAGGATCG,0,565.6,0.4,,,,
GGCTCTACAA,0,544.5,2.32,715.3,1.7,,
AAGAATCGGT,0,580.9,1.48,667.6,0.26,,
GAGCTAGTGG,0,539.1,2.07,,,,
ACTGCCTGTA,1,,,,,,
GATTTCAAGG,1,,,,,,
CGTCAATAAT,1,553,0.22,,,,
GTGATTGTGT,1,,,,,,
ATCTATCGGT,0,556.2,0.89,,,,
GGTCATAACT,0,569.2,1.58,518.6,1.45,,
GTCCACCACA,1,,,,,,
CTTTATCACC,0,,,,,,
ACGAATTGGA,0,550.5,0.78,,,,
ACAAGCCCCA,0,510.6,23.3,621.7,11.69,,
GGTGGACGGC,0,578.5,0.6,634.7,0.27,,
CGGTCGTAGT,1,,,,,,
GAAATCGCAC,0,556.3,8.08,,,,
CTCCGACGAG,0,636.5,0.47,,,,
TTCCCTGGTT,0,524,1.1,,,,
TGCATGTGGT,1,,,,,,
CTGTCTGGAC,1,,,,,,
GGCGTGCAGG,0,519.3,1.09,,,,
TTCTAAACGT,1,,,,,,
GCCTACCGTA,0,544.7,1.43,642.3,0.51,,
CTGGTAGCAG,1,,,,,,
ACAGAGCGGA,0,562.9,0.57,661.6,0.52,,
AAAAATCCCA,0,550.9,4.64,,,,
ATGGTCCCGC,0,533,6.7,695.4,2.68,,
GCAAAGCAAA,0,,,,,,
TGACGCTGTG,0,540.6,20.6,,,,
TTCGTCCAGT,1,,,,,,
TGGCATGGAA,1,,,,,,
GGCACGAGTT,0,602.8,1.5,536.3,0.6,,
AGGACGATCG,0,543.5,5.24,651.6,1.18,,
TTTAGAGTGC,0,583.3,0.43,,,,
GGGCCGCAAG,0,648.2,1.55,,,,
GGGTGGGGTA,0,695,4.32,,,,
ACTGCGTTGG,0,,,,,,
TAATTTGTGG,1,,,,,,
AGAATACGCC,0,518.6,0.33,551.7,0.33,,
CTCGGCGGCA,0,658.1,5.88,,,,
GTGCTTATGG,1,,,,,,
GTCTGCGGCT,0,636.5,0.25,,,,
GACGAGGAAC,0,,,,,,
GGCACAGGCT,0,659.3,1.7,594.7,0.8,,
TTTGTTACAG,1,,,,,,
TGAGTTGCCG,0,521.2,1.17,,,,
GATTATACCC,0,,,,,,
GGCTAGCGCG,0,672.2,15.26,,,,
GCATCCAGAT,0,627.7,1.41,577.4,0.63,,
GAGACTAGCC,0,668.2,1.52,575.5,0.31,,
GCATAGCGGT,1,,,,,,
GACTAGGGTC,1,,,,,,
CTTTATAGAC,1,,,,,,
CTTTACCTCT,0,,,,,,
TGTAGTCCTT,1,,,,,,
TGTCTTGTGT,1,,,,,,
TTGATTTCCC,1,,,,,,
AGCGAATAAA,0,546.3,0.71,,,,
TTAGTGCTTC,0,660.3,0.24,,,,
TGTGAACGTG,0,559.4,4.41,,,,
TACTGTCTCC,0,551.2,0.6,,,,
AGACAAGTAC,0,763.1,0.34,,,,
AACGTTCTGT,0,571.2,0.55,,,,
CTTGGTAATA,1,,,,,,
TAGAACCATC,0,,,,,,
AATGCACGAG,0,,,,,,
GCCGTAGCGA,0,539.6,1.55,654.5,1.2,,
CTACGAGATG,0,,,,,,
CGGAGCTACT,0,631.5,0.52,,,,
AGGGGAACAA,0,702.9,10.27,631.3,7.33,533.5,1.36
AGCCGCGATA,0,523.3,0.6,,,,
GTGGAGAATG,0,573.7,7.41,710.2,5.96,,
ATACGGGTTA,0,535,23.92,,,,
AAGTCAAAGT,1,,,,,,
GAAAAGCCCA,0,535.8,1.57,,,,
TTCGGCTTCA,0,588.1,1.6,689.1,0.56,,
CGACTGCCGC,0,642.7,0.6,,,,
CGGTTTGGCC,0,657.9,2.91,777.7,0.93,,
CCTAATACAT,1,,,,,,
TGGCACAATT,1,,,,,,
TAACTATGGT,0,633.7,1.96,,,,
AACCACCCCA,0,619,7.56,540.1,1.42,,
CGTCTAACTT,1,,,,,,
CGGACCATCG,0,635.3,2.46,,,,
GGGAGGCAGT,0,,,,,,
TTAGCGAAGA,1,552.1,0.21,,,,
ACGCTGGTGA,0,,,,,,
CGTCTGCGCA,0,582.9,0.35,636.3,0.21,,
TTTTACTCAC,1,,,,,,
CAGCTGCGCG,0,633.5,0.77,,,,
GGGGTGCAGT,1,,,,,,
TAGGGTGTAC,1,,,,,,
AGGTTTGTTG,1,,,,,,
TTCAATTTGG,1,,,,,,
CAGTCAGCAC,1,,,,,,
CCGCAAAGTA,0,591.4,0.87,,,,
AGCTTGGTAA,0,554.4,0.54,620,0.41,,
CGAAGGGATC,0,630.8,0.38,,,,
ATATCCCCGT,0,565.6,0.86,,,,
TCTGATTCGG,1,,,,,,
TGTCGACGGG,0,,,,,,
TGGATTAAGA,1,,,,,,
CAACCATGTA,0,583.9,1.21,,,,
ACCGTTCTAT,1,,,,,,
TCCTCCGGCC,0,632.6,3.82,,,,
CACAGCGGAG,0,615.6,0.73,,,,
CCAACAGCCT,0,,,,,,
GCTAACCTAC,0,540.6,0.33,,,,
GCGGGGTGTG,0,674.1,1.11,793.8,0.93,,
ACCATAACGT,0,561,0.53,,,,
GCGTTGGCCC,0,670.9,24.57,551.4,0.46,,
TAGCGAGCGG,0,630.8,1.49,539.8,0.32,,
TTGTCGCGAT,0,703.4,0.2,,,,
GCTGATCACA,0,618.7,0.37,,,,
TCAGAGACTT,0,559.6,0.52,,,,
CACCGCGGAG,0,677.6,1.07,,,,
CAGGGTCGAA,0,559.9,0.5,,,,
TCTCAAGTAG,0,560.5,0.43,,,,
ATGCGCTCAT,0,613,0.34,,,,
CTGTAGGTCC,1,,,,,,
TTCGTTGCGC,0,659.2,0.63,710.9,0.29,,
ACATGATACC,1,,,,,,
ATGAACAGAA,1,,,,,,
CTACCGAAGA,0,,,,,,
ACTCTTGTAC,1,,,,,,
ACTCGGGCAG,0,695.5,2.1,615,1.73,562.2,0.46
TGGCGTGTAG,0,,,,,,
TGTCATTCTC,1,,,,,,
ATTCTTCTTG,1,,,,,,
TCTCACATAT,1,,,,,,
CTTGACTCAT,1,,,,,,
GTTGGCTCGC,0,545.2,0.86,,,,
CTGCGCTTTG,0,633.3,0.33,,,,
ACGGTCCGAT,1,,,,,,
TCTACTCATT,0,,,,,,
TCGTATTCAA,0,536.7,2.88,,,,
CTGAATAAGC,1,,,,,,
AGGACTGGCC,0,643.1,0.51,553.8,0.24,,
ATGGGCACTT,1,,,,,,
CGAAAGGGAA,0,646.3,2.32,,,,
CCAAACATTC,0,539.1,4.09,,,,
GGACTCGATC,0,576.7,0.35,,,,
CGTTTCGACT,1,,,,,,
CGACTCATAG,0,560.7,1.39,,,,
GACTAGTACA,0,541.7,1.04,,,,
GCCGATACCC,0,628.7,6.79,,,,
CGTGAAGCGG,0,616.8,0.43,,,,
AGATTAACCT,0,602.5,0.25,,,,
GCATAGAACG,0,614.1,4,,,,
ATCCTGCTTG,0,525,0.95,,,,
GAAGTGATAT,0,531.8,1.27,,,,
TTTCGTCCGT,1,,,,,,
CATAGAGGCG,1,,,,,,
AGCTGAGGTC,1,,,,,,
CGGGACAGAC,0,669.9,3.94,,,,
TGGAACTCGT,0,,,,,,
ATTTTGTGTT,1,,,,,,
GTATCAAAGC,0,677.1,1.89,546.3,0.78,,
AGGCGATCAT,0,549.4,1.4,,,,
GTGGACGGTC,0,,,,,,
GTGCGGGCGG,0,643,0.5,542.4,0.22,,
GTTTAGCATT,1,,,,,,
AGACCATTTC,0,570.8,0.43,,,,
ACCGTCGGCC,0,621.4,2.81,529.7,0.42,,
CTCATGTCCC,0,,,,,,
CGAGCTGAAC,0,694.9,1.55,,,,
TCGCCGGGAA,0,560,0.78,655.5,0.26,,
AGTCCATTTA,1,,,,,,
TGAGTCACGC,0,646.9,0.7,532.3,0.2,,
AAAACCATTG,1,,,,,,
ACCGATGCAA,0,536,22.59,584.9,5.52,,
GGAACTAAAG,0,543.7,2.21,631,0.68,,
GGGCTTGCTG,0,614,0.21,,,,
TAGTTGCCGT,0,636.9,0.9,,,,
GACCCCGAAG,0,618.3,7.56,704.3,0.58,,
AAGCTCACTG,1,,,,,,
GACGGGTCCC,0,705.8,19.46,,,,
GCTTAACGCC,0,633.2,5.11,697.2,2.69,,
GACTGTGGTA,1,,,,,,
GTCTAAAAAC,0,,,,,,
TCCGGACAAT,0,,,,,,
TGTTGGTAAC,1,,,,,,
TTGCCAAGTG,0,673.6,0.97,,,,
AGCCTCCAGG,0,612.9,0.92,,,,
TCTTTGATTC,1,,,,,,
CGTTTTGGCA,1,,,,,,
TGTCAACAAA,0,639.5,25.92,,,,
TGTTCAAGGA,1,,,,,,
CCTCTAGCAC,0,542.9,0.44,,,,
AAACTTCCGT,0,562.8,0.64,,,,
ATTATAGGAC,0,510,0.54,,,,
CTCTCGCCCG,0,588.6,2.98,,,,
ATGTCTACCA,0,529.1,0.84,,,,
GTGATCCCGC,0,711.2,8.01,657.4,3.89,,
TGTTCCACGT,0,561.2,0.3,,,,
AATACAGCTG,1,,,,,,
GCCAGCCGTT,0,583,0.22,,,,
ATCTCACGCG,0,600.5,1.13,,,,
TCATTGGCAC,0,,,,,,
CAAAGCGCAT,0,,,,,,
CTTGTTAAAG,1,,,,,,
AACCCCTACG,0,606.8,15.31,686.4,14.42,522.4,1.44
GTTAAACGCA,1,,,,,,
TCAGATATGC,0,720.4,0.48,,,,
CGAGTTCTCG,0,646.4,0.34,,,,
TCTAAAACGT,0,,,,,,
CATGTGGGTC,1,,,,,,
GAAAAGGTCT,0,557.6,0.78,,,,
CGAGATAAGT,0,553.4,0.49,,,,
CCTCCTTTAA,1,,,,,,
TTCTTGTCGT,1,,,,,,
TTACGCCGGG,0,,,,,,
GGTTCCGGGC,0,667,18.82,,,,
CGCGCCTGAG,0,647.7,2.47,704.7,0.91,,
CGCTCGTGAA,0,590.6,8.71,671.2,1.43,,
ACTAAGAACC,1,,,,,,
TGTTCGTGAC,1,,,,,,
CAGATGTCCA,0,549.1,8.45,,,,
GTAGAACGTT,0,811.1,0.35,,,,
AGTTTTTGTG,1,,,,,,
CAGGGATAGA,0,,,,,,
GGCTAGTTCG,0,572.3,0.25,,,,
CTAGCGTCGC,0,652.4,4.75,,,,
TATCCTTATC,0,520.5,0.53,435.9,0.34,,
CTAATTCAGG,0,,,,,,
AAACCCCTGT,0,564.1,3.97,606.6,1.66,,
TTTTCGGAAA,1,,,,,,
ATAGCAACGC,0,541.8,0.66,652.1,0.52,,
GACTAGGTAG,1,,,,,,
GGATACACTG,0,563.9,0.27,,,,
GCGTCACGAG,0,641.8,0.51,,,,
AGTTGCCCAG,0,655.5,1.03,,,,
GGTATTGCAA,1,,,,,,
GAAATTAGCG,0,550.6,0.26,,,,
ATTGCATACA,1,,,,,,
GACATATCTT,1,,,,,,
CCCCGTTGTT,0,683.5,3.02,,,,
ACGAACATGC,0,622,2.66,,,,
AATACAGACG,0,664.8,0.93,561.2,0.54,,
CTAGCCTTAA,0,544.4,0.43,,,,
TAAAGCAGGT,1,,,,,,
ACCCGAGCCG,0,606,3.8,665.6,3.63,546.5,2.19
AGGGCGCCGC,0,646.8,1.32,690.3,1.17,,
CACCCGGCGG,0,643.6,1.07,,,,
CACCGACCCG,0,673.2,1.39,607.3,1.35,,
CCACGCCCGC,0,621.3,0.74,673.7,0.33,,
CCACGCGCCG,0,634.7,2.08,,,,
CCCACCGCGC,0,653.9,5.92,,,,
CCCACCGGCC,0,649,3.68,,,,
CCCCCGGACG,0,678.4,7.77,682.8,6.39,625.5,5.75
CCCGGACCCC,0,660.2,4.68,676.4,2.4,556.5,0.75
CCCGGCCGAA,0,669.4,8.43,719.1,8.37,706.6,6.35
CCGAACCCGC,0,664.6,4.84,779.6,1.33,,
CCGCCCCGAG,0,688.2,7.6,593.5,1.98,,
CCGCCCGCCC,0,633.8,3.23,686.5,3,670,1.54
CGACGCCCCG,0,626.7,0.24,,,,
GACGCGGCCC,0,655.7,6.17,700.4,0.5,768.7,0.45
GCCCCCGACA,0,657,5.82,595.4,1.48,530.4,0.97
GCCGAGCCCG,0,649.3,2.67,,,,
GCCGCCCGCC,0,562.8,19.15,600.4,10.51,,
GCCGCGCCGA,0,662.7,2.72,429.7,0.44,,
GCCGGCCCCG,0,663.7,2.73,534.6,1.24,,
GGCCGACCCA,0,620.5,12.57,677.6,0.9,719.7,0.8
TCCCGGCCCC,0,663.9,2.12,,,,
ACCCGGCGCG,0,673.5,6.8,,,,
ACCGCCGGGA,0,664.9,16.23,784,7.1,,
AGCCCGAACA,0,535.6,0.82,,,,
ATCCCGAGCG,0,680.4,7.94,721.2,3.28,,
ATCCCGCCCA,0,606.7,6.02,,,,
CACCCCGAGC,0,634.1,1.73,,,,
CCACGACCGG,0,636.5,31.93,,,,
CCACGCGGGA,0,644.4,1.74,718.6,0.55,,
CCAGCCCGGA,0,666.5,61.22,,,,
CCCAACCCGA,0,634.5,19.91,821.4,9.95,,
CCCAAGCCGC,0,626.5,3.6,,,,
CCCAGCGCGG,0,668.9,1.67,557.2,0.52,612.3,0.36
CCCCCGGGCG,0,735.4,7.42,773.4,5.66,625.3,1.56
CCCGGACGAC,0,668.5,13.91,,,,
CCGACCCCGA,0,623.6,6.38,540,1.3,,
CCGCCACGCG,0,632.1,1.68,698.4,0.41,,
CCGCCCGAAA,0,663.6,3.4,638.9,1.38,,
CCGCCCGGAT,0,676.1,3.5,623.1,1.21,,
CCTCGCGGCG,0,641,26.77,681.7,10.38,,
GACGGAACCC,0,671.5,1.13,601.1,0.4,,
GCAAGCCCGC,0,670.3,3.16,,,,
GCACGCCCCA,0,624.3,1.1,,,,
GCCGACCGCG,0,621.6,8.2,651.6,6.62,,
GCCGCCCGAA,0,619,4.2,572.4,3.41,,
GCCGGCTCCC,0,633.5,20.45,655.1,7.25,538.7,0.92
GCCGGGCCGG,0,707,2.98,718.6,0.88,,
GCCTCGCCCC,0,633,1.32,680.7,1.13,682,0.22
GCGACCCCAG,0,630.9,23.53,,,,
GCGATCGCCC,0,655.9,1.69,,,,
GGCAACCGCG,0,603.7,3.82,667.6,2.17,,
GGCGACGCCA,0,585.2,3.13,641.7,2.28,,
GGGCTCCCGA,0,673.8,1.51,,,,
TCCCGACGCG,0,627.4,0.94,568,0.33,,
TCCGACGCCC,0,605.3,1.01,679.2,0.9,535.7,0.62
ACCACGCCGA,0,628.1,1.33,529.8,0.29,,
ACCCCACCCG,0,617.2,9.22,697,3.46,,
ACCCCGGAGA,0,622.9,14.19,553.3,9.62,,
ACCGGCCCTC,0,532.8,2.76,679.5,1.76,,
ACGCACCCAG,0,609.5,14.71,,,,
ACGGGCCTCG,0,549.5,1.82,661.7,1.24,,
AGCGACGCCC,0,645.5,0.83,,,,
AGCGAGCCCA,0,691.9,3.85,579.3,2.45,,
ATCCCACCGA,0,632.2,2.99,660.5,2.08,556.3,1.39
CCAGCCGCGC,0,614.1,3.04,643.7,1.57,512.2,0.68
CCCCAGCCCT,0,682.3,1.87,546.7,1.73,,
CCGAAGCGCG,0,678.1,2.36,596.3,0.31,,
CCGACGCCCT,0,683.4,3.48,604.8,1.12,666,0.37
CCGCAACCGA,0,603.5,0.73,512.4,0.3,,
CCGCGACCAG,0,638.7,0.51,544.8,0.3,,
CCGCGCTCCA,0,628,0.26,,,,
CGCAAGCCCG,0,643.6,0.82,604,0.4,,
CGCCAGCGCT,0,643.9,0.84,,,,
CGGGAACGCG,0,639,1.04,,,,
GCCGCGAGGG,0,640.1,1.24,,,,
GCCGTCCCCA,0,632.1,8.01,,,,
GCTACGCGCC,0,648.6,5.86,,,,
GCTCGCGGCG,0,681,1.5,594.8,0.64,,
GGCAGCGCAC,0,634.4,4.21,434.9,0.63,,
GGCGAACCGA,0,632.3,1.17,549.5,1.02,,
GGGCTCGCGA,0,655.1,0.42,,,,
GGGCTGCCCG,0,670.3,1.23,,,,
TCGACGCGGC,0,640,12.04,,,,
AACCCGCCAC,0,481.5,0.77,641.1,0.69,,
ACGGCAACCG,0,622.1,38.14,,,,
AGGGCAACGC,0,688.1,2.13,,,,
AGGGCCCAAC,0,666.2,1.58,628.5,0.66,,
ATCCCCCGCG,0,622.9,10.71,676.6,10.56,761.9,1.21
ATCCGAGCGG,0,630.7,1.09,,,,
CCAGCTCCCG,0,649.4,35.62,,,,
CCCACACGCC,0,655.4,18.46,,,,
CCCCAGCTCG,0,655.6,5.24,675.7,1.16,,
CCCCGCGAGT,0,666.5,3.65,574.2,2.5,,
CCCGCCCCAT,0,665.7,4.07,679.1,3.4,620.1,3.11
CCGACAACGC,0,617.1,4.75,517.1,0.71,,
CCGAGCCGGG,0,643.5,1.76,748.3,0.67,,
CCGCGACTCG,0,605.3,0.39,646.7,0.29,,
CCGGAACCGA,0,652,0.54,,,,
CCGTCCCGCC,0,725.4,3.76,,,,
CGAACCGGGC,0,662.6,1.45,808.6,1.25,519.9,0.2
CGACCCACCC,0,613.9,6.44,652.1,5.86,,
GAAGCGCCCC,0,571.6,2.23,675.7,0.23,,
GCCGATCCCG,0,671.7,6.33,,,,
GCCGCCCAGG,0,579,7.43,626,3.28,,
GGAACCCCGC,0,655.8,4.49,575.2,2.58,,
GGACCCCCGC,0,617,9.53,675.1,3.55,,
GGCCGAACGG,0,647.4,9.92,756.6,4.26,,
AACAGCGCCC,0,595,4.89,497.1,4.19,,
ACCAACCCGC,0,656,25.47,553.9,1.19,,
ACCCATCCCG,0,714.8,7.09,618.9,5.51,,
ACCGATCCCG,0,649.6,2.7,681,1.29,,
ACGCCCCCCA,0,659.9,2.78,525.8,1.56,,
ATCGGCCCTC,0,639,0.32,,,,
CACCCGACGT,0,615.8,1.99,,,,
CACCCGGCTA,0,520.1,2.04,657.6,1.28,,
CCACGGGCAA,0,696.7,4.94,732.9,1.44,,
CCAGGCCCCC,0,666.1,0.36,,,,
CCAGGCCGAC,0,660,3.86,,,,
CCAGGGCGCC,0,665.6,0.63,770.9,0.49,721,0.29
CCCGCCACGT,0,603.5,1.28,,,,
CCGCCCCCAT,0,712.5,1.7,633.3,1.44,532.1,0.49
CCGCCCCTGG,0,716.5,4.65,633,1.98,660.5,0.25
CGCCCCCACC,0,682.6,12.96,,,,
CTCCGCCGCC,0,633.2,0.28,,,,
GAACAGCCGA,0,538,5.2,626.8,3.59,,
GCCACCCCCG,0,630.4,0.33,690.5,0.24,756.5,0.23
GCCAGAACGC,0,557.3,7.54,,,,
GCGATGCCCA,0,688.1,3.32,,,,
GCTCCCGGCT,0,619.7,5.89,654.7,3.88,,
GGAGCGCCCT,0,617,1.63,684.4,0.59,642.7,0.49
GGCAACGAAC,0,638.7,4.17,527.6,0.45,,
GGCGCCGCCT,0,677.8,0.61,,,,
GGCGCGAGGG,0,678.7,1.34,632.7,0.97,,
GGCGGGCAAA,0,650.6,2.74,,,,
GGGGCCAACG,0,578.5,0.32,727.3,0.3,,
TACGCCCAAA,0,696.4,0.47,565.6,0.22,,
TCCGCGCCAA,0,671.2,1.03,631,0.71,,
TCGGACCGCT,0,,,,,,
TGCGCCCCGC,0,628.2,6.3,,,,
ACAGCCCGCA,0,659.2,1.69,509.3,0.3,,
ACCAACGCCC,0,516.6,2.53,638.2,0.88,,
ACCCGAAACG,0,661,3.45,607.4,2.36,,
ACCGACCCCC,0,653.7,2.3,693,0.74,,
ACGCCCATGC,0,675,7.38,607.8,3.73,,
ACTCCGGCCG,0,644,9.83,,,,
AGCCCTCCCC,0,633.6,1.62,538.9,1.45,,
AGGGGCCCAG,0,685.7,1.1,661.3,0.38,,
ATCGCAGCGG,0,722.7,4.82,630.4,3.13,,
CCACTCCCGC,0,629.2,1.11,639.1,0.46,,
CCAGCACCGA,0,623.2,10.38,526.4,2.7,,
CCCAAGCTCG,0,669.3,0.97,597.7,0.8,,
CCCCCGAAAA,0,679.8,23.86,618.4,4.09,,
CCCGAAGGCC,0,639.3,1.38,538.1,0.84,,
CCGGAATCCG,0,710.6,11.97,,,,
CGACGGCAAA,0,612.3,1.93,,,,
CGGCCCACCT,0,663.4,28.08,549.3,1.55,,
CTACGCGAAG,0,617.6,1.11,,,,
CTGCCCCCGC,0,686.5,6.7,542.6,1.29,,
GACAGACCGG,0,655.3,1.15,700,0.51,780.9,0.27
GACGGAAGCC,0,652,0.22,,,,
GAGGCACCGG,0,771.2,0.7,644.8,0.54,709.4,0.24
GAGGGCGGCA,0,669.5,1.47,,,,
GCCCATGCCC,0,612.2,2.09,,,,
GCGAATCCCC,0,597,3.77,645.7,2.76,,
GCGCCCAAAC,0,638.4,1.21,,,,
GCGCCCATCG,0,605.9,1.32,532,0.69,,
GCGGCGCCTA,0,639.4,2.54,,,,
GCTCCCCGAC,0,637.8,3.68,519.9,0.58,,
GGACCCCCGT,0,615.1,17.62,662.5,7.35,543.3,0.8
GGGCCACGAA,0,624.9,1.48,669.9,0.57,,
TCGGGCAGAC,0,675,0.79,,,,
AACGAACCCA,0,536.5,1.07,629.8,1.03,,
ACCCGGAAAG,0,670.7,4.5,610,2.66,,
ACGCGCGCAA,0,657.2,1.67,543,1.49,,
AGGCTACCCC,0,633.6,1.14,745.4,0.6,694.2,0.42
AGGGGCCGAA,0,646.9,1.53,,,,
ATCCACCGAC,0,660,2.58,549.1,0.99,,
ATCCGCGAAT,0,,,,,,
CACCTCCCCG,0,593,1.84,705.5,0.88,,
CCGGGGCCCA,0,730.8,2.36,654.5,2.07,710,0.41
CGCCGATCCG,0,641.2,1.08,524.9,0.27,,
GCCCCCCTAG,0,650.4,15.49,614,2.89,518.2,1.26
GCGACGAGAC,0,658.6,1.28,,,,
GGCGACTCCA,0,644.4,1.3,526.9,0.4,,
GGGAGACCCT,0,653.7,6.34,565.6,0.78,,
AACGACCCGG,0,685.3,2.08,663.2,1.47,,
ACCGGAACCA,0,818.5,1.05,660.9,0.94,,
ACGGCAACCA,0,645.5,180.65,,,,
ATCCCACCTC,0,638.7,15.75,551.3,5.3,,
ATCCCTCCCA,0,596.8,7.92,,,,
ATCCGGGCAC,0,659.1,11.02,,,,
CCTAGCCCCG,0,664.1,3.45,541.9,0.61,,
CGACAGGACG,0,611.3,1.16,523.1,0.21,,
CGAGAAGCCG,0,629.8,0.97,,,,
CGCCGGGAGT,0,681.9,0.55,629.2,0.2,,
GACCAGAGCG,0,605.7,1.04,680.4,0.94,756.8,0.62
GAGAGCCCGA,0,558.7,2.69,665,0.57,,
GCCATCCCGC,0,650.3,3.7,702.5,2.5,650,1.9
GCCCACACAA,0,628.1,10.27,,,,
GCGTGCCCAG,0,673.3,0.38,,,,
GCTCCGGACT,0,669.7,5.21,,,,
GGAGAGCCCC,0,662.8,8.38,532,1.64,,
GGCTCGCCAA,0,650.7,2.43,,,,
TCGAACGCGC,0,688.2,1.86,,,,
ACGAACCGGG,0,719.4,0.5,,,,
AGCCGCAAAC,0,624.7,2.62,,,,
CCACCCCTGC,0,652.3,13.41,708.3,3.3,742.2,2.27
GCCAACCAAA,0,652.7,5.23,703.3,1.68,529.6,0.34
GCCGCAGCAA,0,653.6,0.5,,,,
GGCAACCTCG,0,605.4,4.99,690.1,2.68,,
TCCGACCCCC,0,807.6,4.34,665.8,3.04,,
AACCCCCGGT,0,636.1,27.11,601.6,18.43,,
AGGACACCGA,0,632.1,1.03,589.9,0.71,,
AGGACCCGAA,0,692.5,4.5,694.9,0.86,,
ATCGCGCAAA,0,673.6,17.64,699.5,7.93,545,3.51
CACCCCCCGA,0,651.7,3.4,544.1,2.92,,
CACGATCCGA,0,645.5,0.84,,,,
CCCAGGAAAA,0,687.9,0.99,562.4,0.34,,
GAAAGCGCGA,0,693.1,4.03,686.7,1.21,507.4,0.57
GAACTCGCCC,0,548.5,4.34,644.4,3.72,,
GCCAAAGCGC,0,684.4,1.97,591.9,0.2,,
GCCTCTCGCG,0,648.8,10.34,,,,
GCTACTCCCC,0,645.2,1.5,,,,
GGACACCCCT,0,652.3,4.2,780.3,1.7,,
GTCACGCCCC,0,654.7,1.29,,,,
TCACTCCCGC,0,638.6,0.65,,,,
TCGCCCAAAC,0,632.3,2.15,624.3,1.16,,
TGCCCCCAAC,0,677.2,8.02,533.2,4.27,,
AACCCCCAGC,0,608.6,17.96,675.9,10.56,535.1,2.65
ACACAGCCGA,0,642,24.36,623.6,23.83,534.9,4.29
ATCCGAAGGG,0,,,,,,
CCACCGTGAA,0,,,,,,
CCCACCAACA,0,626,2.22,667.2,1.37,530,0.62
CTCCGATCGC,0,645.4,1.85,545,0.36,,
GACCCCCCCG,0,635.3,0.8,695.6,0.67,,
GACGAGGCAA,0,519.8,0.68,661.5,0.32,,
GGCCCTGCGA,0,677.7,23.23,,,,
TACCGAACCA,0,740,0.6,569.8,0.42,,
AAGCCCGCAT,0,676.7,0.39,,,,
ACCTACGCGC,0,615.9,1.34,589.8,0.33,,
CACAAGCCCC,0,501,5.27,537.3,4.68,672.9,3.79
CCACGGCTAG,0,626.8,9.4,712.4,1.65,,
GATCCGCGGG,0,659.8,2.4,,,,
GGACGACGGG,0,673.8,0.32,,,,
TGACCGACCC,0,651.4,0.24,,,,
AGAGCCCTAC,0,655.3,1.93,685.2,0.93,,
CACAGACCCG,0,,,,,,
CCGGGTCCGC,0,644.6,1.25,547.2,0.21,,
GACCCGGTGG,0,672.2,0.92,,,,
GACGAAACCC,0,654.8,1.38,613.3,0.86,,
GCCGACCCTT,0,596.8,0.32,,,,
GCGTCCCCCT,0,630,2.25,517.8,0.29,,
GCTCCGCTAG,0,624,0.71,,,,
GGGACGCGTA,0,656.3,0.96,,,,
TCGATCCCGC,0,550.3,11.53,752.2,10.22,,
TTCCCCACCC,0,560.4,1.31,,,,
AACCCGCGGT,0,646.9,0.32,,,,
AATCCCCCAA,0,607.4,40.36,678.6,7.99,631.1,1.61
ACCTCCCCAA,0,598.2,26.69,,,,
ACGAGGGCCC,0,680.8,3.76,580.8,2.74,,
ATCCCCCAAA,0,620.2,15.21,682,4.79,,
CACCACCAAA,0,534.9,1.99,,,,
CCAGCGGGTT,0,585,9.27,628.8,4.45,,
CCGCCGAATA,0,571.4,25.98,608.9,15.51,,
CCTCCCCAAA,0,663.3,4.18,537,1.08,,
GAGATCCGGC,0,634.5,0.97,686.2,0.61,726.3,0.57
GGAAGGACCG,0,508.1,2.49,639.3,0.36,,
GGCCGCCTGT,0,685.7,0.43,,,,
TACGAGGCCC,0,671.7,0.9,,,,
TCCCTCGGGA,0,695.6,1.88,685.7,0.39,,
AACAGACCCC,0,633.5,2.89,524,1.42,,
AATCCGCACG,0,628,0.72,688.1,0.66,678.1,0.51
ACCGACCTAC,0,639.5,2.88,,,,
CCACTCCCCG,0,640.2,3.43,513.6,0.59,,
CGCGAGAGAA,0,675.5,1.3,,,,
CGGCTGGGCG,0,615.8,3.49,,,,
GAACGGCGGT,0,569.9,1.72,,,,
GACGTGCGAG,0,641.4,0.51,,,,
GGGCCCAAAC,0,709.6,2.43,542,0.23,,
TCCCACGGAT,0,601.5,3.35,548.9,2.34,,
ACCGGGGCTC,0,689.3,0.46,,,,
AGGGTGCCCC,0,677.1,2.79,688.7,0.43,,
ATCCCAAGCT,0,548.4,0.99,663.8,0.94,,
CCCTCCCCCT,0,526,2.71,605.5,0.63,,
CGCGCGCCTA,0,685.5,1.73,584.3,0.43,,
GACGACGGAT,0,737.8,2.19,730.7,0.69,,
GTCCCCAACG,0,643.6,4.61,,,,
CCAAGACCCA,0,634.5,2.32,609.7,1.39,526.4,0.57
CCGAGAGAAG,0,604.3,15.86,,,,
GAACAGGGAC,0,,,,,,
GCACCCACCT,0,542.7,0.84,620.5,0.73,,
GCGGAGAACA,0,539.1,1.23,637.7,1.22,,
GGCCGCTAGT,0,614.4,0.6,,,,
ACCCCACCTA,0,582,41.14,691.6,5.22,,
ACGGGGCAAA,0,666.5,34.77,,,,
ACGTCCCGGG,0,694.8,1.71,,,,
AGGCCCGCTT,0,,,,,,
CAAGGCGGGG,0,645.7,1.07,,,,
CAAGGGACCC,0,716.6,3.74,,,,
CCACCGCTGT,0,625.4,2.28,,,,
CCCCCCCCAT,0,718,5.26,712.2,3.8,534.5,1.91
CCCCCCCCCA,0,710.3,6.3,538.2,1.47,,
CCGAGCGTCC,0,655.2,5.49,781.5,0.58,,
CCGCCCTAGT,0,662.3,2.27,697.3,0.66,,
CCTCGCAAAC,0,632.8,1.43,534.4,0.58,,
CCTGGCCCCC,0,673.8,1.74,662.1,1.21,,
TCCGCAACGT,0,680.4,0.78,,,,
AACACCCCCG,0,653.5,8.95,602,1.07,525,0.5
ATCCCCCCCG,0,692.9,20.25,,,,
CGGGAAGAAT,0,582.4,0.83,760.3,0.42,,
TAACGAGCGC,0,,,,,,
TCAACCCCCG,0,638.2,14.86,719.9,1.18,,
TCGGCTCCAA,0,,,,,,
TGCCCCTCCG,0,672,26.25,547.1,2.72,,
CCACGTCCCG,0,618.1,0.63,637.1,0.26,,
CCCAGAGAGT,0,673.4,0.23,,,,
GGGCAGGAGA,0,,,,,,
CCAGCCTCCT,0,,,,,,
CCCCCGCATA,0,736.4,2.88,639.1,1.71,708.9,1.09
GATCCGGGAG,0,617.8,2.91,,,,
GCTCGTCGCC,0,612.9,0.44,665.4,0.3,846.7,0.26
GGGGAACAAA,0,781.4,6.27,526.4,0.94,,
TCCAACCCGG,0,641.6,58.16,,,,
AGCCGACAGT,0,683.4,0.35,627.4,0.26,,
ATCCCGTCGT,0,642.3,0.78,,,,
ATCCGGGGGA,0,694.8,0.69,,,,
CAAGACCCCG,0,627.2,1.82,680.8,1.7,,
CCTGCGCAGA,0,641.8,0.89,,,,
GACAGGGGCG,0,647.5,1.9,,,,
TCCCGGTCCC,0,659.6,2.15,702.1,0.42,,
TGCTCGCCCT,0,,,,,,
TTCGCCGCAC,0,625,0.61,,,,
CCGAAACAAC,0,652.6,0.5,,,,
CCGACGGGGT,0,679.4,3.13,755.8,1.6,563.6,0.26
CCGATCCCTT,0,594.5,0.3,417,0.21,,
CCGGTCACGC,0,615.3,0.74,728.2,0.3,,
CGGTCCGGCA,0,673.4,2.07,,,,
CTCGCAGAAC,0,576.9,0.61,,,,
AGGCGGGATA,0,650.1,0.72,,,,
TAGGGCTCCG,0,715.9,3.14,,,,
TCCGCCGTCT,0,665,0.36,,,,
AGCCGAAACT,0,636.4,4.25,723.3,0.66,,
CACAAACCCA,0,649.9,47.28,495,2.9,,
CCGCGAGCAT,0,639.8,1.42,581.6,0.79,,
CGTGGCCCTG,0,635,0.77,,,,
CTCCGCAAGT,0,637.1,0.38,,,,
GACACGGACC,0,676.5,1.62,,,,
GTATCGCCCG,0,560.5,4.93,664.2,2.23,,
TACGACTCCC,0,637.9,0.97,,,,
AATCCCCCCA,0,688.9,30.65,558.1,2.94,612.3,1.2
ATCCCTGGCA,0,701.1,0.69,,,,
CGTCTCCGCG,0,651.6,0.68,526.7,0.4,,
GCAAGGGGCC,0,642.5,3.31,,,,
GCACGTCCCA,0,643.9,1.04,,,,
GGACGACACT,0,526.3,11.73,,,,
GTCCACGAAC,0,540.8,1.5,634.5,0.87,,
ATGCGGAATG,0,696,0.56,663.4,0.35,,
CCAGGCGTCA,0,684.6,1.17,555.4,0.38,,
CCGCCCCTTC,0,667.2,4.47,691.7,1.91,531.1,1.91
CGGGCCAAAC,0,642.4,1.58,,,,
GAGGCCGTCA,0,693,1.85,676,0.58,,
ACAACAGGCC,0,581.4,1.42,631.9,0.76,,
CCACCCCAAT,0,534.1,2.63,677.2,0.59,,
ACAACCGCCT,0,649,2.03,548.4,1.34,708.2,1.02
ACCGACACTA,0,,,,,,
AGAAACCCAC,0,538.1,2.6,608.9,0.95,651.4,0.62
CCGACCAATC,0,575.3,0.56,,,,
TCAAGGCCCA,0,651.2,1.42,,,,
GATCCCCAAA,0,674.3,6.71,598.1,2.9,,
GATCCCCAAC,0,560.3,23.92,622,21.8,,
TGGGACCGAA,0,558.5,1.15,673,0.99,,
AACAGATCCC,0,,,,,,
TTATCCCACC,0,580.8,6.43,,,,
TCCAAGATGC,1,,,,,,
CGACGATGCA,0,561.4,0.41,642.8,0.25,,
CGAGAATGTC,0,563.5,1.2,,,,
AGAGAACGTT,1,,,,,,
TGATCCCTGT,0,525.9,0.59,,,,
GCAAGAGAGA,0,566.2,0.76,,,,
TGGACGAGAA,0,634,0.61,534.3,0.45,,
GAACGGGTCT,0,659.1,0.49,,,,
GGAGAAACAG,0,,,,,,
AACAGAAATG,1,,,,,,
CAAAGAGCGG,0,657.7,2.79,,,,
ATACGGAGAT,1,,,,,,
AACAGAACGC,1,558.5,0.24,,,,
TCGAGAAATG,1,,,,,,
AACAGAGCTT,1,,,,,,
CACCGATGCT,0,556.7,0.68,,,,
TACCGGGTTA,1,,,,,,
AATGACGTAC,1,,,,,,
GGAGGAGAAG,0,667,0.27,,,,
GAGAACTAAT,1,,,,,,
GGAAGAGAAT,1,,,,,,
CGACACGATG,0,631.1,0.6,,,,
ACGATCCCTC,0,564,1.01,663.5,0.78,,
TTTCCACGAC,0,548.5,1.45,,,,
AATCCCTGTC,1,,,,,,
GGAAGAAATT,0,639.3,0.42,,,,
TGTGCAAGAT,0,694,0.94,573.9,0.31,,
GCGCAAGATG,0,730,55.23,,,,
CGGAGAACAG,1,,,,,,
GGAAGAACAG,1,,,,,,
ACCGAACGTC,0,629.8,6.81,,,,
AACCAGAATC,1,,,,,,
AATGGAGAAC,0,521.3,1.22,,,,
CAACGAGAAT,1,,,,,,
GCGTGCACTG,0,589.2,0.6,,,,
ATGCGAGAAC,0,542.6,0.5,606.4,0.23,,
GAGAACGAGA,0,533.6,1,645.4,0.29,,
TGGAGAATTG,1,,,,,,
GAAGAATTGC,1,,,,,,
CACCGGAGAA,0,594,2.47,642.9,1.77,,
CTGCAAGATT,0,656.7,0.95,,,,
AGAGCGAGAA,0,542.9,0.51,,,,
TCCAAGAATG,0,588.4,0.46,,,,
CGCGAGAATA,0,648.3,1.43,566.5,0.72,,
ACGGGTTCAC,0,655.7,1.46,,,,
TGGAGAACCC,0,677.7,2.85,,,,
TCACAAGCCC,0,599.8,3.8,,,,
AGAGCACTGT,1,,,,,,
AACTAACACC,0,636.8,1.07,,,,
GAAGAATTAA,1,,,,,,
ACAAAGAATT,1,,,,,,
ATCCCAACAG,0,543.8,1.62,696.2,0.6,,
CACCGAATGA,0,636,0.91,522.1,0.65,,
GCACGATGCC,0,686.7,4.67,,,,
GACGGGTTTT,1,,,,,,
CCGCAAGAAG,0,659.2,0.49,498.5,0.29,,
TAGGGAGAAT,1,,,,,,
CCAACAGAAT,1,,,,,,
GAAGCAAGAT,0,614.4,1.5,,,,
AGAGAACGAG,0,,,,,,
ATAGGAGAAT,0,640.7,0.66,,,,
GAGGAGAAGA,1,,,,,,
TCCCCTGTCA,0,527.9,1.07,692.3,0.83,,
AAACGGGGTT,0,585.1,4.49,,,,
TAGCCCCTGT,0,561.6,9.27,,,,
GCAAGAACCC,0,647.5,1.03,628,0.63,,
TGCAAGATGT,1,,,,,,
CCTCCCCTCA,0,680.4,4.48,539.5,3.65,,
TGCGGAGATT,0,667.5,0.39,,,,
CGAGAAGAAA,1,,,,,,
TGCACAAGAA,0,556.5,6.89,,,,
AGCAAGATTA,1,,,,,,
CGAAGAATCA,0,542.8,4.36,,,,
GAGATCCCAA,0,656.2,3.26,559.4,1.65,,
TAGCAAGATA,1,,,,,,
AGCACGATGC,0,,,,,,
TGGATCCCAA,0,649.4,1.28,,,,
TACCGAGAAT,0,,,,,,
AACCGGGTTG,0,,,,,,
TGCGAAGAGA,0,659.2,0.49,498.5,0.29,,
CCTCCACGAA,0,538.8,1.42,639.6,0.95,,
CCGCGATGCG,0,648.8,1.24,,,,
GCGTGCAATA,0,532.5,0.28,651.6,0.26,,
GAGCGAGAAT,0,551.9,0.24,,,,
AACTAACAAT,1,,,,,,
ATTCCCCTGT,0,,,,,,
TCGTAGCGTA,0,673.9,2.21,,,,
CAACGGGTTT,1,,,,,,
TTCACGGGTT,1,,,,,,
ACCCGGAGAT,0,565.7,12.07,654.5,7.67,,
CGACAACCGT,0,639.5,0.54,,,,
GGAAGCCCCG,0,663.9,1.99,678.4,0.6,,
TGAGGCGATA,0,653.8,0.3,,,,
AGGAGAAATT,1,,,,,,
CCGCAGAATC,0,614,0.7,644.3,0.62,,
GAGAAGATGT,1,,,,,,
CCAAACTAAT,0,,,,,,
CGAGAAATGA,0,,,,,,
CGCGCAAATT,0,635.4,3.27,,,,
AAACGAACAG,0,,,,,,
TCCCACAGAA,0,525.3,6.06,,,,
TTCCAGAACG,1,470.8,0.29,,,,
GCGCGAGAAG,0,652.5,4.21,525.9,1.84,,
ATGGCGAGAA,0,587.5,0.24,,,,
CGCGAGAAAT,0,662.8,0.33,584.2,0.31,,
AACGAATGCG,0,679.2,0.38,,,,
TTCCCCAATC,0,560.3,3.65,,,,
CGACCAGAAT,0,,,,,,
ACCAACGATG,0,,,,,,
ATCCCAGAAG,0,585.8,5.32,531.5,4.2,,
GAGAAATGAA,0,,,,,,
CCCCACGAAT,0,567.2,18.53,673.5,16.62,,
TGCAAGATTC,0,616.1,1.04,,,,
ATGCAAGAAG,1,,,,,,
GGAGAATCAC,0,502.3,0.78,,,,
GGAGAATTCT,1,408.7,0.34,,,,
CCCCAACAAT,0,579.1,2.17,703.3,0.57,,
ATCCCCCTGC,0,678.9,11.58,540.8,0.41,,
AACGGAGATT,0,538.1,0.42,,,,
CCGCAAGATA,0,608.7,2.32,516.4,0.23,,
GAAGAATCAG,1,,,,,,
AGGGAACTCG,0,659.2,0.7,,,,
TAGTCCCCAA,0,628.4,0.83,546.7,0.32,,
GTGAGAATGT,0,595.5,0.47,413,0.3,,
ATCCCCTGCA,0,688,2.94,555.3,0.38,,
TGCCAGAATT,0,562.1,4.09,,,,
ACGGGTTGTC,1,,,,,,
GTAGCGAGTT,1,662.8,0.33,584.2,0.31,,
GAAGAACGTC,0,,,,,,
TCACGGGTCT,0,532.5,1.85,599.7,0.87,,
GCCAAGAGAT,1,,,,,,
ATGGAGAATC,0,596.4,0.33,,,,
CGACCACTGT,1,,,,,,
AACAGCCCCA,0,650.9,10.89,625.3,7.6,532.7,0.5
CAAAGATGCA,1,,,,,,
GAAGAAAGAA,1,,,,,,
CGACGGGTTA,0,669.3,0.21,,,,
ACGTAGCGTC,0,635.3,3.5,,,,
ACACGAAGAA,1,,,,,,
TACTACACCG,1,,,,,,
GGAGAACACC,1,,,,,,
ACACCAGAAT,0,518.1,0.69,,,,
GCGAGAATTG,0,819.8,1.05,,,,
ACCAAAGAAT,1,,,,,,
GCGACAGAAT,0,676.7,0.43,,,,
TGAACGGAGA,0,612.3,1.06,,,,
GAACGGGTGA,1,,,,,,
CGCGCAATCA,0,583.4,1.67,,,,
CGAGAAGATG,0,517.3,1.24,,,,
ACCAAGAGAA,0,726.3,0.83,529.1,0.76,580.1,0.46
GTAGCGAGAA,0,544.6,0.34,,,,
GAGCGATGCC,0,659.4,1.86,,,,
TCCCAACTGT,0,,,,,,
AACAGAGAAC,1,,,,,,
CGCGCAAGAA,0,640.4,1.66,,,,
GAGACACTGT,1,,,,,,
TCAGAACTCG,0,,,,,,
TGCGAGAAGG,0,731.2,1.66,,,,
TAACGGGAAG,0,606.7,5.39,672.9,2.28,,
CCCAACTCGG,0,566.9,0.68,,,,
GCACGGGTTA,0,633.8,0.72,,,,
GAGCCCCCAA,0,647,22.56,520.6,1.28,,
CCAAAGAATA,0,507.5,0.46,,,,
AGAAGAATTG,1,424.6,0.48,,,,
ATACAACCGA,0,566.7,0.54,,,,
GAGGAGAATT,1,,,,,,
GAAGAACGAG,0,597.5,0.41,736.6,0.2,,
ATACGATGCG,0,,,,,,
GAAGAGAATG,0,,,,,,
GTAGCGATCA,0,641.4,0.62,,,,
CGAGAATGCA,0,567,0.78,,,,
CGAGAATTCG,0,,,,,,
ACGGGAAGAA,0,642.8,1.35,548.6,0.35,,
ACGCGAGAAT,0,566.1,0.93,,,,
CGAGAACTCA,0,587,2.44,,,,
GCCAAGAATT,1,,,,,,
GCACTACCGT,0,773.4,0.35,569.9,0.27,,
CAAAGAACAG,1,,,,,,
GAGAACGTCA,0,,,,,,
CGGAGAGCTT,0,550.2,2.41,639.1,0.9,,
GGCACAGAAT,0,,,,,,
CAAAGAGATG,0,679.6,0.38,642.9,0.37,,
CGACACGAGA,0,636.7,2.23,,,,
TCCAAAGAAG,0,616.8,0.6,567.9,0.43,,
GAACTAACCC,0,685.8,1.33,,,,
ACGGAGAATT,0,,,,,,
GCGAGAAGAA,0,606,0.24,,,,
CCCCGGAGAG,0,660.3,5.2,567.9,2.51,,
GTAGCGAACG,0,688,1.11,669.8,0.99,,
TGCAAGAGAT,0,712.5,0.44,600.1,0.26,,
AGAAGAGATG,1,,,,,,
CGACAAGAAG,0,,,,,,
GGAGAACTGT,0,599.5,0.47,,,,
CCGACGAACG,0,620.2,3.11,694.3,0.62,,
ACGGAGAGAA,0,590.4,2.78,,,,
TGTGGAGAAG,1,,,,,,
CCGACACAAA,0,636,1.19,532,0.22,,
GAGAACAATT,1,,,,,,
ATGCGATGCA,0,652.4,0.66,,,,
AACTAACTCG,0,,,,,,
CCAAGAACGC,0,638.5,1.13,,,,
GCGTGCATGG,0,676.4,1.18,,,,
CGCGTGCAAT,0,680.8,0.33,,,,
GCAAGATGTT,0,778.9,0.48,,,,
TCAGAACTGA,1,,,,,,
GCCAAGAACG,0,,,,,,
ATCCCCTGTC,0,713.9,1.51,567.1,0.35,,
CGGGAAGTGT,1,,,,,,
GCACGGAGAA,0,636.9,0.34,,,,
GCCACGATGC,0,641.7,2.23,,,,
GAACCGATGC,0,652.5,0.49,,,,
GGAGAAATGG,0,,,,,,
AACGAACCGT,1,,,,,,
ATCCCAAGAA,0,552.2,3.57,690,1.14,,
CGAGAACTAG,0,,,,,,
TGACGGGTTC,1,,,,,,
CCGACAGAAC,0,642.3,0.2,,,,
TCGAGAACAG,1,,,,,,
CCGAGAAATT,1,,,,,,
GCAAGAGAAG,0,591.4,1.77,,,,
CCTCAAGAAT,1,,,,,,
CCACGACACC,0,626.6,0.21,,,,
CGCGGAGAAA,0,675,3.16,715.7,0.38,,
CGGGGAAGAA,0,690.3,1.46,,,,
ATCCCCACTT,0,583.6,1.29,,,,
ATCCCCACCA,0,552.8,9.27,682.1,2.09,,
CCCTCCCCTG,0,692.2,5.28,549.8,0.88,,
AACGCCCCCA,0,659.5,2.3,530.8,1.85,,
CGGGAGAATC,0,580.5,7.87,620.8,6.16,,
TAGCAAGAAT,1,,,,,,
ATACGAGAAG,0,602.8,31.33,,,,
TGAGCGATGT,0,608.8,0.45,,,,
GTAGCGACCC,0,638.7,0.73,,,,
CTTCCCACTG,1,,,,,,
TCCCGAGAAG,0,636.5,14.65,584.5,4.27,676.3,1.95
GCCAAGAAGA,0,,,,,,
GATGGAGAAT,0,,,,,,
GAAGAATCCT,1,,,,,,
GCGCGATGCA,0,633.8,1.08,693.5,0.36,,
TAGGAGAATA,0,,,,,,
TCACCGATGA,0,612.9,0.66,527.2,0.35,,
GCGCAAGAAT,0,745.3,0.3,,,,
AACCGAGAAG,0,591.4,10.86,639.3,7.8,,
CCAACTAACG,0,679.6,0.76,,,,
GAAGCCCCGA,0,631.1,3.47,681.1,2.25,540.7,0.38
ATGGAAGAGA,0,,,,,,
AGCACGAACG,0,523.9,0.94,,,,
CAAAGAGCTT,1,,,,,,
TTCCCCTCGT,0,686.4,0.32,,,,
AGAGCCCCCA,0,644.3,18.59,521.1,1.7,,
GAAGCCCCAC,0,643.3,9.68,527.8,0.62,,
CCACGAGAGA,0,525.6,0.86,615.4,0.22,,
CCGCGAATGA,0,639.4,7.78,523.9,1.46,,
CGAGAATCAG,0,551.6,5.22,,,,
CGACCAAGAA,0,641.7,0.54,,,,
ATGGGAGAAG,0,,,,,,
CGGAGAAAAT,0,596.2,0.49,,,,
GCAAGATCCT,0,663.9,0.24,,,,
GAGCGAATGC,0,626.9,0.73,,,,
GAGGGAGAAG,0,,,,,,
TTCCCCAAAG,0,,,,,,
ACACCGATGC,0,,,,,,
CGCCAAGAAT,0,646.3,0.45,,,,
CAAAGCCCCA,0,637.7,7.19,524.8,1.61,,
GACCGAAGAA,1,,,,,,
TCCCACGATA,0,641.9,17.45,,,,
CCCGGAGAAG,0,720.3,119.58,,,,
CCGCGCAATA,0,683,1.71,,,,
GAGAAGCCCC,0,686.9,12.47,593.5,1.09,,
CCGCGAGAAC,0,611.8,1.07,563.2,0.86,,
TAGGCAAGAA,1,,,,,,
TTCCCACTGA,0,666.3,1.24,550.4,0.27,,
GAAGCCCCCG,0,656.8,16.28,587,2.01,516.8,1.61
GCAAGATGCA,0,578.8,0.36,,,,
AACGGAGAGA,0,590.9,15.52,564.1,10.25,,
GGCAAGATGC,0,641.2,1.3,,,,
ACCGAAGAGA,0,667.7,0.56,584,0.44,,
AACGGGTGCA,0,619.9,0.27,,,,
GAGCGAACAG,0,,,,,,
GCACGAACAG,0,543.2,0.64,,,,
GTAGCGGAGA,0,621.1,0.85,506.6,0.51,,
AGAAGAGAGA,0,,,,,,
GAAGAAATGT,0,599.8,0.7,,,,
GGAGAACCGC,0,640.4,1.02,,,,
TGGAGAAATA,1,,,,,,
GAGAGCACTG,0,,,,,,
GAAGAGATGC,0,,,,,,
AACGGGTCTT,1,,,,,,
TGCGGAGAAC,0,698.4,0.34,,,,
TAACGGAGAA,0,,,,,,
CGCACACTGT,0,594.8,0.42,,,,
GCAAGAGTCT,1,,,,,,
CCGAGAATCA,0,532.3,1.43,574.3,1.32,,
GGAGAAGATA,0,503.3,0.21,,,,
GCCAGAATAG,0,489.6,0.39,,,,
CGAGAACGTA,0,596.4,0.29,,,,
CGCCAGAATG,0,,,,,,
ACGACCAATG,0,,,,,,
TGGACGGGTT,1,,,,,,
ACGGAGAAGA,0,,,,,,
TTCCCAACGA,0,701.7,2.41,,,,
CGTATCCCAA,0,675.7,5.84,617.7,1.83,539.3,0.58
TTCCCACGAT,0,542.6,0.68,,,,
TGGAAGAACG,0,,,,,,
GGAGAAGAAT,0,,,,,,
CCAAGAATTC,0,550.9,0.33,,,,
CGCGCAGAAG,0,647.9,1.54,,,,
TCGACAGAAG,0,559.1,1.65,,,,
GCCAACTAAT,0,661.4,41.58,,,,
ACCGGAGATG,0,696.6,0.32,,,,
GCGCGCAATT,0,703.6,2.72,,,,
CCAAGAATAG,1,,,,,,
TCACGAGAAC,0,580.2,0.29,,,,
GAGAAAGAAT,1,422.3,0.47,,,,
TATCCCAATT,0,,,,,,
GGAGAACTTA,0,,,,,,
TATCCCCATG,0,580.2,1.21,668.9,0.4,,
AATACGGGTT,0,577,2.26,697.4,0.71,,
GGAGAAGTTC,1,596.4,0.29,,,,
CAACGAATGC,0,593.7,0.33,,,,
CACCTAGCGA,0,731.4,23.23,596.3,1.34,,
TCGACACTGC,0,,,,,,
GCACAAGCCA,0,,,,,,
CGGGAGAACG,0,653.9,0.86,,,,
CGAGAATAGT,0,526.1,0.43,,,,
AATCCCAATA,0,543,1.05,,,,
TTCCCACCAA,0,717.8,8.21,560.2,2.02,,
AATGCAAGAA,0,,,,,,
GAATGACGTA,1,,,,,,
AACAGGAGAA,1,,,,,,
GCAAGAGCTT,0,735.7,7.06,,,,
AACTAACGAG,0,727.6,2.02,,,,
TGCAAGATAG,1,,,,,,
GAGAACACCG,0,626.8,0.37,542.7,0.33,,
CCGAGAATGC,0,649.1,1.47,,,,
ATCCCAAATC,0,584.1,4.91,686.7,3.82,,
GAACGTGCGG,0,711.3,1.02,,,,
ACACGAACCG,0,,,,,,
GCGTGACGTC,0,664,0.31,,,,
CCGACACTGG,0,,,,,,
AATTCCCCAC,0,612.3,1.46,676.1,0.25,,
CATCCCTGTT,0,636.7,1.46,527.5,1.1,,
TCCCGAACAG,0,681.5,3.65,,,,
GTAGCGACTG,0,634.6,0.34,,,,
CCAAGAGAAC,0,,,,,,
GCAAGAAATG,1,,,,,,
TGGGAACGAG,1,,,,,,
GCAAGAGCGG,0,561.6,1.83,,,,
AATTCCCACG,0,687.8,0.28,,,,
GGCAAGATTT,1,,,,,,
CCCAGAACGA,0,636.5,2.54,532,1.65,,
ACCCGATGCA,0,628.6,5.14,,,,
CGCGCAATGT,0,677.3,2.52,,,,
ACCCAGAATA,0,561.6,1.42,,,,
CCAACGAGAA,0,612.3,0.53,,,,
ATCACGAGAA,0,,,,,,
CGTAGCGTCA,0,600.7,1.12,676.8,0.53,,
CGAGCGATGC,0,593.3,2.4,657.1,1.42,,
ATCCCAATCA,0,561.3,2.05,,,,
GGGAGAAGTT,1,,,,,,
GGGAGAAATG,0,531,1.4,716,0.23,,
TCCCGGAGAA,0,668,3.06,618.4,2.14,,
TGCGACACCA,0,634.4,0.87,667.2,0.81,,
AAATCCCCAA,0,580.6,2.45,704.3,0.69,,
AACAGAATCA,1,,,,,,
TCAGCAAGAC,0,579.9,0.91,518.7,0.4,,
TCGACGATCA,0,,,,,,
ACGGGTTTCG,0,,,,,,
ACCGAGAAAT,0,698.6,0.51,,,,
TCGCGCAATG,0,701.5,20.6,627.3,7.17,,
CCGACACCGT,0,572.1,0.26,,,,
GGAGAATAGA,0,628.4,0.68,,,,
ATCCCAACGC,0,628.4,4.87,,,,
